[{"model": "admin.logentry", "pk": 1, "fields": {"action_time": "2024-04-06T07:08:21.025Z", "user": 1, "content_type": 14, "object_id": "1", "object_repr": "Article object (1)", "action_flag": 1, "change_message": "[{\"added\": {}}]"}}, {"model": "admin.logentry", "pk": 2, "fields": {"action_time": "2024-04-06T07:09:13.405Z", "user": 1, "content_type": 14, "object_id": "1", "object_repr": "Аргентинский дог", "action_flag": 2, "change_message": "[]"}}, {"model": "admin.logentry", "pk": 3, "fields": {"action_time": "2024-04-06T07:46:33.871Z", "user": 1, "content_type": 14, "object_id": "1", "object_repr": "ARG DOG", "action_flag": 2, "change_message": "[{\"changed\": {\"fields\": [\"Name\", \"Text\"]}}]"}}, {"model": "admin.logentry", "pk": 4, "fields": {"action_time": "2024-04-06T07:52:20.614Z", "user": 1, "content_type": 14, "object_id": "1", "object_repr": "ARG DOG", "action_flag": 2, "change_message": "[]"}}, {"model": "admin.logentry", "pk": 5, "fields": {"action_time": "2024-04-06T08:02:29.786Z", "user": 1, "content_type": 14, "object_id": "1", "object_repr": "Аргентинский дог", "action_flag": 2, "change_message": "[{\"changed\": {\"fields\": [\"Name\", \"Text\"]}}]"}}, {"model": "admin.logentry", "pk": 6, "fields": {"action_time": "2024-04-06T08:07:07.413Z", "user": 1, "content_type": 14, "object_id": "1", "object_repr": "Аргентинский дог", "action_flag": 2, "change_message": "[]"}}, {"model": "admin.logentry", "pk": 7, "fields": {"action_time": "2024-04-06T08:44:26.686Z", "user": 1, "content_type": 14, "object_id": "2", "object_repr": "Аляскинский маламут", "action_flag": 1, "change_message": "[{\"added\": {}}]"}}, {"model": "admin.logentry", "pk": 8, "fields": {"action_time": "2024-04-06T08:44:55.537Z", "user": 1, "content_type": 14, "object_id": "3", "object_repr": "Кавказская овчарка", "action_flag": 1, "change_message": "[{\"added\": {}}]"}}, {"model": "admin.logentry", "pk": 9, "fields": {"action_time": "2024-04-06T08:45:34.192Z", "user": 1, "content_type": 14, "object_id": "4", "object_repr": "Акита", "action_flag": 1, "change_message": "[{\"added\": {}}]"}}, {"model": "admin.logentry", "pk": 10, "fields": {"action_time": "2024-04-06T14:32:57.027Z", "user": 1, "content_type": 14, "object_id": "4", "object_repr": "Акита", "action_flag": 2, "change_message": "[{\"changed\": {\"fields\": [\"Text\"]}}]"}}, {"model": "admin.logentry", "pk": 11, "fields": {"action_time": "2024-04-06T14:36:37.296Z", "user": 1, "content_type": 14, "object_id": "4", "object_repr": "Акита", "action_flag": 2, "change_message": "[{\"changed\": {\"fields\": [\"Text\"]}}]"}}, {"model": "admin.logentry", "pk": 12, "fields": {"action_time": "2024-04-06T14:50:37.258Z", "user": 1, "content_type": 14, "object_id": "4", "object_repr": "Акита", "action_flag": 2, "change_message": "[]"}}, {"model": "admin.logentry", "pk": 13, "fields": {"action_time": "2024-04-06T14:52:28.700Z", "user": 1, "content_type": 14, "object_id": "4", "object_repr": "Акита", "action_flag": 2, "change_message": "[{\"changed\": {\"fields\": [\"Text\"]}}]"}}, {"model": "admin.logentry", "pk": 14, "fields": {"action_time": "2024-04-12T04:58:29.372Z", "user": 1, "content_type": 14, "object_id": "5", "object_repr": "Русская псовая борзая", "action_flag": 1, "change_message": "[{\"added\": {}}]"}}, {"model": "admin.logentry", "pk": 15, "fields": {"action_time": "2024-04-12T04:59:04.102Z", "user": 1, "content_type": 14, "object_id": "6", "object_repr": "Норные собаки", "action_flag": 1, "change_message": "[{\"added\": {}}]"}}, {"model": "admin.logentry", "pk": 16, "fields": {"action_time": "2024-04-12T04:59:21.860Z", "user": 1, "content_type": 14, "object_id": "7", "object_repr": "Молоссы", "action_flag": 1, "change_message": "[{\"added\": {}}]"}}, {"model": "admin.logentry", "pk": 17, "fields": {"action_time": "2024-04-12T04:59:36.457Z", "user": 1, "content_type": 14, "object_id": "8", "object_repr": "Ньюфаундленд (порода собак)", "action_flag": 1, "change_message": "[{\"added\": {}}]"}}, {"model": "admin.logentry", "pk": 18, "fields": {"action_time": "2024-04-12T05:00:09.492Z", "user": 1, "content_type": 14, "object_id": "9", "object_repr": "Немецкая овчарка", "action_flag": 1, "change_message": "[{\"added\": {}}]"}}, {"model": "admin.logentry", "pk": 19, "fields": {"action_time": "2024-04-12T05:00:26.727Z", "user": 1, "content_type": 14, "object_id": "10", "object_repr": "Малинуа", "action_flag": 1, "change_message": "[{\"added\": {}}]"}}, {"model": "admin.logentry", "pk": 20, "fields": {"action_time": "2024-04-12T05:00:42.666Z", "user": 1, "content_type": 14, "object_id": "11", "object_repr": "Эрдельтерьер", "action_flag": 1, "change_message": "[{\"added\": {}}]"}}, {"model": "admin.logentry", "pk": 21, "fields": {"action_time": "2024-04-12T05:00:58.567Z", "user": 1, "content_type": 14, "object_id": "12", "object_repr": "Ретриверы", "action_flag": 1, "change_message": "[{\"added\": {}}]"}}, {"model": "admin.logentry", "pk": 22, "fields": {"action_time": "2024-04-12T05:01:16.643Z", "user": 1, "content_type": 14, "object_id": "13", "object_repr": "Сенбернар", "action_flag": 1, "change_message": "[{\"added\": {}}]"}}, {"model": "admin.logentry", "pk": 23, "fields": {"action_time": "2024-04-12T05:01:35.381Z", "user": 1, "content_type": 14, "object_id": "14", "object_repr": "Ротвейлер", "action_flag": 1, "change_message": "[{\"added\": {}}]"}}, {"model": "admin.logentry", "pk": 24, "fields": {"action_time": "2024-04-12T05:01:50.317Z", "user": 1, "content_type": 14, "object_id": "15", "object_repr": "Немецкий дратхаар", "action_flag": 1, "change_message": "[{\"added\": {}}]"}}, {"model": "admin.logentry", "pk": 25, "fields": {"action_time": "2024-04-12T05:02:25.988Z", "user": 1, "content_type": 14, "object_id": "16", "object_repr": "Лабрадор-ретривер", "action_flag": 1, "change_message": "[{\"added\": {}}]"}}, {"model": "admin.logentry", "pk": 26, "fields": {"action_time": "2024-04-12T05:02:47.033Z", "user": 1, "content_type": 14, "object_id": "17", "object_repr": "Мастиф", "action_flag": 1, "change_message": "[{\"added\": {}}]"}}, {"model": "admin.logentry", "pk": 27, "fields": {"action_time": "2024-04-12T05:03:25.489Z", "user": 1, "content_type": 14, "object_id": "18", "object_repr": "Манчестерский терьер", "action_flag": 1, "change_message": "[{\"added\": {}}]"}}, {"model": "admin.logentry", "pk": 28, "fields": {"action_time": "2024-04-12T05:03:41.651Z", "user": 1, "content_type": 14, "object_id": "19", "object_repr": "Американский питбультерьер", "action_flag": 1, "change_message": "[{\"added\": {}}]"}}, {"model": "admin.logentry", "pk": 29, "fields": {"action_time": "2024-04-12T05:03:56.848Z", "user": 1, "content_type": 14, "object_id": "20", "object_repr": "Немецкий дог", "action_flag": 1, "change_message": "[{\"added\": {}}]"}}, {"model": "admin.logentry", "pk": 30, "fields": {"action_time": "2024-04-12T05:04:17.400Z", "user": 1, "content_type": 14, "object_id": "21", "object_repr": "Лайки", "action_flag": 1, "change_message": "[{\"added\": {}}]"}}, {"model": "admin.logentry", "pk": 31, "fields": {"action_time": "2024-04-12T05:04:35.477Z", "user": 1, "content_type": 14, "object_id": "22", "object_repr": "Фила бразилейро", "action_flag": 1, "change_message": "[{\"added\": {}}]"}}, {"model": "admin.logentry", "pk": 32, "fields": {"action_time": "2024-04-12T05:05:00.009Z", "user": 1, "content_type": 14, "object_id": "23", "object_repr": "Мастино наполетано", "action_flag": 1, "change_message": "[{\"added\": {}}]"}}, {"model": "admin.logentry", "pk": 33, "fields": {"action_time": "2024-04-12T05:05:23.216Z", "user": 1, "content_type": 14, "object_id": "24", "object_repr": "Фландрский бувье", "action_flag": 1, "change_message": "[{\"added\": {}}]"}}, {"model": "admin.logentry", "pk": 34, "fields": {"action_time": "2024-04-12T05:06:24.243Z", "user": 1, "content_type": 14, "object_id": "25", "object_repr": "Русский чёрный терьер", "action_flag": 1, "change_message": "[{\"added\": {}}]"}}, {"model": "admin.logentry", "pk": 35, "fields": {"action_time": "2024-04-12T05:06:39.591Z", "user": 1, "content_type": 14, "object_id": "26", "object_repr": "Далматин", "action_flag": 1, "change_message": "[{\"added\": {}}]"}}, {"model": "admin.logentry", "pk": 36, "fields": {"action_time": "2024-04-12T05:06:55.369Z", "user": 1, "content_type": 14, "object_id": "27", "object_repr": "Доберман", "action_flag": 1, "change_message": "[{\"added\": {}}]"}}, {"model": "admin.logentry", "pk": 37, "fields": {"action_time": "2024-04-12T05:07:18.939Z", "user": 1, "content_type": 14, "object_id": "28", "object_repr": "Шарпей", "action_flag": 1, "change_message": "[{\"added\": {}}]"}}, {"model": "admin.logentry", "pk": 38, "fields": {"action_time": "2024-04-12T05:07:36.699Z", "user": 1, "content_type": 14, "object_id": "29", "object_repr": "Леонбергер", "action_flag": 1, "change_message": "[{\"added\": {}}]"}}, {"model": "admin.logentry", "pk": 39, "fields": {"action_time": "2024-04-12T05:08:01.227Z", "user": 1, "content_type": 14, "object_id": "30", "object_repr": "Левретка", "action_flag": 1, "change_message": "[{\"added\": {}}]"}}, {"model": "admin.logentry", "pk": 40, "fields": {"action_time": "2024-04-12T08:38:21.646Z", "user": 1, "content_type": 15, "object_id": "1", "object_repr": "Большие Собаки", "action_flag": 1, "change_message": "[{\"added\": {}}]"}}, {"model": "admin.logentry", "pk": 41, "fields": {"action_time": "2024-04-12T08:38:30.595Z", "user": 1, "content_type": 15, "object_id": "2", "object_repr": "Маленькие Собаки", "action_flag": 1, "change_message": "[{\"added\": {}}]"}}, {"model": "admin.logentry", "pk": 42, "fields": {"action_time": "2024-04-12T08:38:59.733Z", "user": 1, "content_type": 14, "object_id": "30", "object_repr": "Левретка", "action_flag": 2, "change_message": "[{\"changed\": {\"fields\": [\"Category\"]}}]"}}, {"model": "admin.logentry", "pk": 43, "fields": {"action_time": "2024-04-12T08:39:15.597Z", "user": 1, "content_type": 14, "object_id": "29", "object_repr": "Леонбергер", "action_flag": 2, "change_message": "[{\"changed\": {\"fields\": [\"Category\"]}}]"}}, {"model": "admin.logentry", "pk": 44, "fields": {"action_time": "2024-04-12T08:39:20.455Z", "user": 1, "content_type": 14, "object_id": "28", "object_repr": "Шарпей", "action_flag": 2, "change_message": "[{\"changed\": {\"fields\": [\"Category\"]}}]"}}, {"model": "admin.logentry", "pk": 45, "fields": {"action_time": "2024-04-12T08:39:26.580Z", "user": 1, "content_type": 14, "object_id": "27", "object_repr": "Доберман", "action_flag": 2, "change_message": "[{\"changed\": {\"fields\": [\"Category\"]}}]"}}, {"model": "admin.logentry", "pk": 46, "fields": {"action_time": "2024-04-12T08:39:31.521Z", "user": 1, "content_type": 14, "object_id": "26", "object_repr": "Далматин", "action_flag": 2, "change_message": "[{\"changed\": {\"fields\": [\"Category\"]}}]"}}, {"model": "admin.logentry", "pk": 47, "fields": {"action_time": "2024-04-12T08:39:37.821Z", "user": 1, "content_type": 14, "object_id": "25", "object_repr": "Русский чёрный терьер", "action_flag": 2, "change_message": "[{\"changed\": {\"fields\": [\"Category\"]}}]"}}, {"model": "admin.logentry", "pk": 48, "fields": {"action_time": "2024-04-12T08:39:48.684Z", "user": 1, "content_type": 14, "object_id": "24", "object_repr": "Фландрский бувье", "action_flag": 2, "change_message": "[{\"changed\": {\"fields\": [\"Category\"]}}]"}}, {"model": "admin.logentry", "pk": 49, "fields": {"action_time": "2024-04-12T08:39:55.746Z", "user": 1, "content_type": 14, "object_id": "23", "object_repr": "Мастино наполетано", "action_flag": 2, "change_message": "[{\"changed\": {\"fields\": [\"Category\"]}}]"}}, {"model": "admin.logentry", "pk": 50, "fields": {"action_time": "2024-04-12T08:40:02.380Z", "user": 1, "content_type": 14, "object_id": "22", "object_repr": "Фила бразилейро", "action_flag": 2, "change_message": "[{\"changed\": {\"fields\": [\"Category\"]}}]"}}, {"model": "admin.logentry", "pk": 51, "fields": {"action_time": "2024-04-12T08:40:08.086Z", "user": 1, "content_type": 14, "object_id": "21", "object_repr": "Лайки", "action_flag": 2, "change_message": "[{\"changed\": {\"fields\": [\"Category\"]}}]"}}, {"model": "admin.logentry", "pk": 52, "fields": {"action_time": "2024-04-12T08:40:13.319Z", "user": 1, "content_type": 14, "object_id": "20", "object_repr": "Немецкий дог", "action_flag": 2, "change_message": "[{\"changed\": {\"fields\": [\"Category\"]}}]"}}, {"model": "admin.logentry", "pk": 53, "fields": {"action_time": "2024-04-12T08:40:21.092Z", "user": 1, "content_type": 14, "object_id": "19", "object_repr": "Американский питбультерьер", "action_flag": 2, "change_message": "[{\"changed\": {\"fields\": [\"Category\"]}}]"}}, {"model": "admin.logentry", "pk": 54, "fields": {"action_time": "2024-04-12T08:40:27.757Z", "user": 1, "content_type": 14, "object_id": "18", "object_repr": "Манчестерский терьер", "action_flag": 2, "change_message": "[{\"changed\": {\"fields\": [\"Category\"]}}]"}}, {"model": "admin.logentry", "pk": 55, "fields": {"action_time": "2024-04-12T08:40:32.915Z", "user": 1, "content_type": 14, "object_id": "17", "object_repr": "Мастиф", "action_flag": 2, "change_message": "[{\"changed\": {\"fields\": [\"Category\"]}}]"}}, {"model": "admin.logentry", "pk": 56, "fields": {"action_time": "2024-04-12T08:40:38.669Z", "user": 1, "content_type": 14, "object_id": "16", "object_repr": "Лабрадор-ретривер", "action_flag": 2, "change_message": "[{\"changed\": {\"fields\": [\"Category\"]}}]"}}, {"model": "admin.logentry", "pk": 57, "fields": {"action_time": "2024-04-12T08:40:44.588Z", "user": 1, "content_type": 14, "object_id": "15", "object_repr": "Немецкий дратхаар", "action_flag": 2, "change_message": "[{\"changed\": {\"fields\": [\"Category\"]}}]"}}, {"model": "admin.logentry", "pk": 58, "fields": {"action_time": "2024-04-12T08:40:49.955Z", "user": 1, "content_type": 14, "object_id": "14", "object_repr": "Ротвейлер", "action_flag": 2, "change_message": "[{\"changed\": {\"fields\": [\"Category\"]}}]"}}, {"model": "admin.logentry", "pk": 59, "fields": {"action_time": "2024-04-12T08:40:56.893Z", "user": 1, "content_type": 14, "object_id": "13", "object_repr": "Сенбернар", "action_flag": 2, "change_message": "[{\"changed\": {\"fields\": [\"Category\"]}}]"}}, {"model": "admin.logentry", "pk": 60, "fields": {"action_time": "2024-04-12T08:41:04.318Z", "user": 1, "content_type": 14, "object_id": "12", "object_repr": "Ретриверы", "action_flag": 2, "change_message": "[{\"changed\": {\"fields\": [\"Category\"]}}]"}}, {"model": "admin.logentry", "pk": 61, "fields": {"action_time": "2024-04-12T08:41:09.186Z", "user": 1, "content_type": 14, "object_id": "15", "object_repr": "Немецкий дратхаар", "action_flag": 2, "change_message": "[]"}}, {"model": "admin.logentry", "pk": 62, "fields": {"action_time": "2024-04-12T08:41:17.016Z", "user": 1, "content_type": 14, "object_id": "13", "object_repr": "Сенбернар", "action_flag": 2, "change_message": "[]"}}, {"model": "admin.logentry", "pk": 63, "fields": {"action_time": "2024-04-12T08:41:25.177Z", "user": 1, "content_type": 14, "object_id": "11", "object_repr": "Эрдельтерьер", "action_flag": 2, "change_message": "[{\"changed\": {\"fields\": [\"Category\"]}}]"}}, {"model": "admin.logentry", "pk": 64, "fields": {"action_time": "2024-04-12T08:41:38.170Z", "user": 1, "content_type": 14, "object_id": "10", "object_repr": "Малинуа", "action_flag": 2, "change_message": "[{\"changed\": {\"fields\": [\"Category\"]}}]"}}, {"model": "admin.logentry", "pk": 65, "fields": {"action_time": "2024-04-12T08:41:44.867Z", "user": 1, "content_type": 14, "object_id": "9", "object_repr": "Немецкая овчарка", "action_flag": 2, "change_message": "[{\"changed\": {\"fields\": [\"Category\"]}}]"}}, {"model": "admin.logentry", "pk": 66, "fields": {"action_time": "2024-04-12T08:41:52.244Z", "user": 1, "content_type": 14, "object_id": "8", "object_repr": "Ньюфаундленд (порода собак)", "action_flag": 2, "change_message": "[{\"changed\": {\"fields\": [\"Category\"]}}]"}}, {"model": "admin.logentry", "pk": 67, "fields": {"action_time": "2024-04-12T08:42:00.606Z", "user": 1, "content_type": 14, "object_id": "7", "object_repr": "Молоссы", "action_flag": 2, "change_message": "[{\"changed\": {\"fields\": [\"Category\"]}}]"}}, {"model": "admin.logentry", "pk": 68, "fields": {"action_time": "2024-04-12T08:42:08.700Z", "user": 1, "content_type": 14, "object_id": "6", "object_repr": "Норные собаки", "action_flag": 2, "change_message": "[{\"changed\": {\"fields\": [\"Category\"]}}]"}}, {"model": "admin.logentry", "pk": 69, "fields": {"action_time": "2024-04-12T08:42:19.030Z", "user": 1, "content_type": 14, "object_id": "5", "object_repr": "Русская псовая борзая", "action_flag": 2, "change_message": "[{\"changed\": {\"fields\": [\"Category\"]}}]"}}, {"model": "admin.logentry", "pk": 70, "fields": {"action_time": "2024-04-12T08:42:25.646Z", "user": 1, "content_type": 14, "object_id": "4", "object_repr": "Акита", "action_flag": 2, "change_message": "[{\"changed\": {\"fields\": [\"Category\"]}}]"}}, {"model": "admin.logentry", "pk": 71, "fields": {"action_time": "2024-04-12T08:42:30.580Z", "user": 1, "content_type": 14, "object_id": "3", "object_repr": "Кавказская овчарка", "action_flag": 2, "change_message": "[{\"changed\": {\"fields\": [\"Category\"]}}]"}}, {"model": "admin.logentry", "pk": 72, "fields": {"action_time": "2024-04-12T08:42:34.826Z", "user": 1, "content_type": 14, "object_id": "2", "object_repr": "Аляскинский маламут", "action_flag": 2, "change_message": "[{\"changed\": {\"fields\": [\"Category\"]}}]"}}, {"model": "admin.logentry", "pk": 73, "fields": {"action_time": "2024-04-12T08:42:39.343Z", "user": 1, "content_type": 14, "object_id": "1", "object_repr": "Аргентинский дог", "action_flag": 2, "change_message": "[{\"changed\": {\"fields\": [\"Category\"]}}]"}}, {"model": "admin.logentry", "pk": 74, "fields": {"action_time": "2024-04-18T04:44:11.495Z", "user": 1, "content_type": 12, "object_id": "1", "object_repr": "127.0.0.1", "action_flag": 2, "change_message": "[{\"changed\": {\"fields\": [\"Domain name\"]}}]"}}, {"model": "admin.logentry", "pk": 75, "fields": {"action_time": "2024-04-18T04:46:06.058Z", "user": 1, "content_type": 19, "object_id": "1", "object_repr": "Yandex", "action_flag": 1, "change_message": "[{\"added\": {}}]"}}, {"model": "admin.logentry", "pk": 76, "fields": {"action_time": "2024-04-18T04:54:32.881Z", "user": 1, "content_type": 3, "object_id": "1", "object_repr": "authors", "action_flag": 1, "change_message": "[{\"added\": {}}]"}}, {"model": "admin.logentry", "pk": 77, "fields": {"action_time": "2024-04-18T05:28:10.705Z", "user": 1, "content_type": 4, "object_id": "7", "object_repr": "aa", "action_flag": 2, "change_message": "[{\"changed\": {\"fields\": [\"Groups\"]}}]"}}, {"model": "admin.logentry", "pk": 78, "fields": {"action_time": "2024-04-18T05:28:18.736Z", "user": 1, "content_type": 4, "object_id": "1", "object_repr": "administrator", "action_flag": 2, "change_message": "[{\"changed\": {\"fields\": [\"Groups\"]}}]"}}, {"model": "admin.logentry", "pk": 79, "fields": {"action_time": "2024-04-18T05:28:27.526Z", "user": 1, "content_type": 4, "object_id": "5", "object_repr": "ivanivanov", "action_flag": 2, "change_message": "[{\"changed\": {\"fields\": [\"Groups\"]}}]"}}, {"model": "admin.logentry", "pk": 80, "fields": {"action_time": "2024-04-18T05:28:37.780Z", "user": 1, "content_type": 4, "object_id": "8", "object_repr": "ss", "action_flag": 2, "change_message": "[]"}}, {"model": "admin.logentry", "pk": 81, "fields": {"action_time": "2024-04-18T05:28:45.698Z", "user": 1, "content_type": 4, "object_id": "6", "object_repr": "xx", "action_flag": 2, "change_message": "[{\"changed\": {\"fields\": [\"Groups\"]}}]"}}, {"model": "admin.logentry", "pk": 82, "fields": {"action_time": "2024-04-18T05:28:55.319Z", "user": 1, "content_type": 4, "object_id": "5", "object_repr": "ivanivanov", "action_flag": 2, "change_message": "[{\"changed\": {\"fields\": [\"Groups\"]}}]"}}, {"model": "admin.logentry", "pk": 83, "fields": {"action_time": "2024-04-18T08:48:59.914Z", "user": 1, "content_type": 3, "object_id": "1", "object_repr": "authors", "action_flag": 2, "change_message": "[{\"changed\": {\"fields\": [\"Permissions\"]}}]"}}, {"model": "admin.logentry", "pk": 84, "fields": {"action_time": "2024-04-18T09:03:11.555Z", "user": 1, "content_type": 14, "object_id": "44", "object_repr": "DFJ", "action_flag": 1, "change_message": "[{\"added\": {}}]"}}, {"model": "admin.logentry", "pk": 85, "fields": {"action_time": "2024-04-25T10:26:49.197Z", "user": 1, "content_type": 14, "object_id": "49", "object_repr": "Самоед", "action_flag": 1, "change_message": "[{\"added\": {}}]"}}, {"model": "admin.logentry", "pk": 86, "fields": {"action_time": "2024-04-25T13:11:11.483Z", "user": 1, "content_type": 14, "object_id": "49", "object_repr": "Самоед", "action_flag": 3, "change_message": ""}}, {"model": "admin.logentry", "pk": 87, "fields": {"action_time": "2024-04-25T13:11:38.978Z", "user": 1, "content_type": 14, "object_id": "50", "object_repr": "Самоед", "action_flag": 1, "change_message": "[{\"added\": {}}]"}}, {"model": "admin.logentry", "pk": 88, "fields": {"action_time": "2024-04-25T13:13:33.663Z", "user": 1, "content_type": 14, "object_id": "51", "object_repr": "Большая собака", "action_flag": 1, "change_message": "[{\"added\": {}}]"}}, {"model": "admin.logentry", "pk": 89, "fields": {"action_time": "2024-04-25T13:26:19.517Z", "user": 1, "content_type": 14, "object_id": "52", "object_repr": "test", "action_flag": 1, "change_message": "[{\"added\": {}}]"}}, {"model": "admin.logentry", "pk": 90, "fields": {"action_time": "2024-04-25T13:27:02.667Z", "user": 1, "content_type": 14, "object_id": "53", "object_repr": "testtest", "action_flag": 1, "change_message": "[{\"added\": {}}]"}}, {"model": "admin.logentry", "pk": 91, "fields": {"action_time": "2024-04-25T14:02:08.372Z", "user": 1, "content_type": 14, "object_id": "56", "object_repr": "owe", "action_flag": 1, "change_message": "[{\"added\": {}}]"}}, {"model": "admin.logentry", "pk": 92, "fields": {"action_time": "2024-04-25T14:03:06.576Z", "user": 1, "content_type": 14, "object_id": "57", "object_repr": "qowek", "action_flag": 1, "change_message": "[{\"added\": {}}]"}}, {"model": "admin.logentry", "pk": 93, "fields": {"action_time": "2024-04-25T14:32:54.751Z", "user": 1, "content_type": 3, "object_id": "2", "object_repr": "managers", "action_flag": 1, "change_message": "[{\"added\": {}}]"}}, {"model": "admin.logentry", "pk": 94, "fields": {"action_time": "2024-04-25T14:33:43.305Z", "user": 1, "content_type": 4, "object_id": "1", "object_repr": "administrator", "action_flag": 2, "change_message": "[{\"changed\": {\"fields\": [\"First name\", \"Groups\"]}}]"}}, {"model": "admin.logentry", "pk": 95, "fields": {"action_time": "2024-04-25T14:34:01.231Z", "user": 1, "content_type": 4, "object_id": "5", "object_repr": "ivanivanov", "action_flag": 2, "change_message": "[{\"changed\": {\"fields\": [\"First name\", \"Last name\", \"Groups\"]}}]"}}, {"model": "admin.logentry", "pk": 96, "fields": {"action_time": "2024-05-08T02:32:27.918Z", "user": 1, "content_type": 14, "object_id": "103", "object_repr": "Кане-корсо88", "action_flag": 2, "change_message": "[{\"changed\": {\"fields\": [\"Name\"]}}]"}}, {"model": "admin.logentry", "pk": 97, "fields": {"action_time": "2024-05-08T02:32:38.372Z", "user": 1, "content_type": 14, "object_id": "103", "object_repr": "Кане-корсо", "action_flag": 2, "change_message": "[{\"changed\": {\"fields\": [\"Name\"]}}]"}}, {"model": "auth.permission", "pk": 1, "fields": {"name": "Can add log entry", "content_type": 1, "codename": "add_logentry"}}, {"model": "auth.permission", "pk": 2, "fields": {"name": "Can change log entry", "content_type": 1, "codename": "change_logentry"}}, {"model": "auth.permission", "pk": 3, "fields": {"name": "Can delete log entry", "content_type": 1, "codename": "delete_logentry"}}, {"model": "auth.permission", "pk": 4, "fields": {"name": "Can view log entry", "content_type": 1, "codename": "view_logentry"}}, {"model": "auth.permission", "pk": 5, "fields": {"name": "Can add permission", "content_type": 2, "codename": "add_permission"}}, {"model": "auth.permission", "pk": 6, "fields": {"name": "Can change permission", "content_type": 2, "codename": "change_permission"}}, {"model": "auth.permission", "pk": 7, "fields": {"name": "Can delete permission", "content_type": 2, "codename": "delete_permission"}}, {"model": "auth.permission", "pk": 8, "fields": {"name": "Can view permission", "content_type": 2, "codename": "view_permission"}}, {"model": "auth.permission", "pk": 9, "fields": {"name": "Can add group", "content_type": 3, "codename": "add_group"}}, {"model": "auth.permission", "pk": 10, "fields": {"name": "Can change group", "content_type": 3, "codename": "change_group"}}, {"model": "auth.permission", "pk": 11, "fields": {"name": "Can delete group", "content_type": 3, "codename": "delete_group"}}, {"model": "auth.permission", "pk": 12, "fields": {"name": "Can view group", "content_type": 3, "codename": "view_group"}}, {"model": "auth.permission", "pk": 13, "fields": {"name": "Can add user", "content_type": 4, "codename": "add_user"}}, {"model": "auth.permission", "pk": 14, "fields": {"name": "Can change user", "content_type": 4, "codename": "change_user"}}, {"model": "auth.permission", "pk": 15, "fields": {"name": "Can delete user", "content_type": 4, "codename": "delete_user"}}, {"model": "auth.permission", "pk": 16, "fields": {"name": "Can view user", "content_type": 4, "codename": "view_user"}}, {"model": "auth.permission", "pk": 17, "fields": {"name": "Can add content type", "content_type": 5, "codename": "add_contenttype"}}, {"model": "auth.permission", "pk": 18, "fields": {"name": "Can change content type", "content_type": 5, "codename": "change_contenttype"}}, {"model": "auth.permission", "pk": 19, "fields": {"name": "Can delete content type", "content_type": 5, "codename": "delete_contenttype"}}, {"model": "auth.permission", "pk": 20, "fields": {"name": "Can view content type", "content_type": 5, "codename": "view_contenttype"}}, {"model": "auth.permission", "pk": 21, "fields": {"name": "Can add session", "content_type": 6, "codename": "add_session"}}, {"model": "auth.permission", "pk": 22, "fields": {"name": "Can change session", "content_type": 6, "codename": "change_session"}}, {"model": "auth.permission", "pk": 23, "fields": {"name": "Can delete session", "content_type": 6, "codename": "delete_session"}}, {"model": "auth.permission", "pk": 24, "fields": {"name": "Can view session", "content_type": 6, "codename": "view_session"}}, {"model": "auth.permission", "pk": 25, "fields": {"name": "Can add author", "content_type": 7, "codename": "add_author"}}, {"model": "auth.permission", "pk": 26, "fields": {"name": "Can change author", "content_type": 7, "codename": "change_author"}}, {"model": "auth.permission", "pk": 27, "fields": {"name": "Can delete author", "content_type": 7, "codename": "delete_author"}}, {"model": "auth.permission", "pk": 28, "fields": {"name": "Can view author", "content_type": 7, "codename": "view_author"}}, {"model": "auth.permission", "pk": 29, "fields": {"name": "Can add comment", "content_type": 8, "codename": "add_comment"}}, {"model": "auth.permission", "pk": 30, "fields": {"name": "Can change comment", "content_type": 8, "codename": "change_comment"}}, {"model": "auth.permission", "pk": 31, "fields": {"name": "Can delete comment", "content_type": 8, "codename": "delete_comment"}}, {"model": "auth.permission", "pk": 32, "fields": {"name": "Can view comment", "content_type": 8, "codename": "view_comment"}}, {"model": "auth.permission", "pk": 33, "fields": {"name": "Can add category", "content_type": 9, "codename": "add_category"}}, {"model": "auth.permission", "pk": 34, "fields": {"name": "Can change category", "content_type": 9, "codename": "change_category"}}, {"model": "auth.permission", "pk": 35, "fields": {"name": "Can delete category", "content_type": 9, "codename": "delete_category"}}, {"model": "auth.permission", "pk": 36, "fields": {"name": "Can view category", "content_type": 9, "codename": "view_category"}}, {"model": "auth.permission", "pk": 37, "fields": {"name": "Can add post category", "content_type": 10, "codename": "add_postcategory"}}, {"model": "auth.permission", "pk": 38, "fields": {"name": "Can change post category", "content_type": 10, "codename": "change_postcategory"}}, {"model": "auth.permission", "pk": 39, "fields": {"name": "Can delete post category", "content_type": 10, "codename": "delete_postcategory"}}, {"model": "auth.permission", "pk": 40, "fields": {"name": "Can view post category", "content_type": 10, "codename": "view_postcategory"}}, {"model": "auth.permission", "pk": 41, "fields": {"name": "Can add post", "content_type": 11, "codename": "add_post"}}, {"model": "auth.permission", "pk": 42, "fields": {"name": "Can change post", "content_type": 11, "codename": "change_post"}}, {"model": "auth.permission", "pk": 43, "fields": {"name": "Can delete post", "content_type": 11, "codename": "delete_post"}}, {"model": "auth.permission", "pk": 44, "fields": {"name": "Can view post", "content_type": 11, "codename": "view_post"}}, {"model": "auth.permission", "pk": 45, "fields": {"name": "Can add site", "content_type": 12, "codename": "add_site"}}, {"model": "auth.permission", "pk": 46, "fields": {"name": "Can change site", "content_type": 12, "codename": "change_site"}}, {"model": "auth.permission", "pk": 47, "fields": {"name": "Can delete site", "content_type": 12, "codename": "delete_site"}}, {"model": "auth.permission", "pk": 48, "fields": {"name": "Can view site", "content_type": 12, "codename": "view_site"}}, {"model": "auth.permission", "pk": 49, "fields": {"name": "Can add flat page", "content_type": 13, "codename": "add_flatpage"}}, {"model": "auth.permission", "pk": 50, "fields": {"name": "Can change flat page", "content_type": 13, "codename": "change_flatpage"}}, {"model": "auth.permission", "pk": 51, "fields": {"name": "Can delete flat page", "content_type": 13, "codename": "delete_flatpage"}}, {"model": "auth.permission", "pk": 52, "fields": {"name": "Can view flat page", "content_type": 13, "codename": "view_flatpage"}}, {"model": "auth.permission", "pk": 53, "fields": {"name": "Can add article", "content_type": 14, "codename": "add_article"}}, {"model": "auth.permission", "pk": 54, "fields": {"name": "Can change article", "content_type": 14, "codename": "change_article"}}, {"model": "auth.permission", "pk": 55, "fields": {"name": "Can delete article", "content_type": 14, "codename": "delete_article"}}, {"model": "auth.permission", "pk": 56, "fields": {"name": "Can view article", "content_type": 14, "codename": "view_article"}}, {"model": "auth.permission", "pk": 57, "fields": {"name": "Can add category", "content_type": 15, "codename": "add_category"}}, {"model": "auth.permission", "pk": 58, "fields": {"name": "Can change category", "content_type": 15, "codename": "change_category"}}, {"model": "auth.permission", "pk": 59, "fields": {"name": "Can delete category", "content_type": 15, "codename": "delete_category"}}, {"model": "auth.permission", "pk": 60, "fields": {"name": "Can view category", "content_type": 15, "codename": "view_category"}}, {"model": "auth.permission", "pk": 61, "fields": {"name": "Can add email address", "content_type": 16, "codename": "add_emailaddress"}}, {"model": "auth.permission", "pk": 62, "fields": {"name": "Can change email address", "content_type": 16, "codename": "change_emailaddress"}}, {"model": "auth.permission", "pk": 63, "fields": {"name": "Can delete email address", "content_type": 16, "codename": "delete_emailaddress"}}, {"model": "auth.permission", "pk": 64, "fields": {"name": "Can view email address", "content_type": 16, "codename": "view_emailaddress"}}, {"model": "auth.permission", "pk": 65, "fields": {"name": "Can add email confirmation", "content_type": 17, "codename": "add_emailconfirmation"}}, {"model": "auth.permission", "pk": 66, "fields": {"name": "Can change email confirmation", "content_type": 17, "codename": "change_emailconfirmation"}}, {"model": "auth.permission", "pk": 67, "fields": {"name": "Can delete email confirmation", "content_type": 17, "codename": "delete_emailconfirmation"}}, {"model": "auth.permission", "pk": 68, "fields": {"name": "Can view email confirmation", "content_type": 17, "codename": "view_emailconfirmation"}}, {"model": "auth.permission", "pk": 69, "fields": {"name": "Can add social account", "content_type": 18, "codename": "add_socialaccount"}}, {"model": "auth.permission", "pk": 70, "fields": {"name": "Can change social account", "content_type": 18, "codename": "change_socialaccount"}}, {"model": "auth.permission", "pk": 71, "fields": {"name": "Can delete social account", "content_type": 18, "codename": "delete_socialaccount"}}, {"model": "auth.permission", "pk": 72, "fields": {"name": "Can view social account", "content_type": 18, "codename": "view_socialaccount"}}, {"model": "auth.permission", "pk": 73, "fields": {"name": "Can add social application", "content_type": 19, "codename": "add_socialapp"}}, {"model": "auth.permission", "pk": 74, "fields": {"name": "Can change social application", "content_type": 19, "codename": "change_socialapp"}}, {"model": "auth.permission", "pk": 75, "fields": {"name": "Can delete social application", "content_type": 19, "codename": "delete_socialapp"}}, {"model": "auth.permission", "pk": 76, "fields": {"name": "Can view social application", "content_type": 19, "codename": "view_socialapp"}}, {"model": "auth.permission", "pk": 77, "fields": {"name": "Can add social application token", "content_type": 20, "codename": "add_socialtoken"}}, {"model": "auth.permission", "pk": 78, "fields": {"name": "Can change social application token", "content_type": 20, "codename": "change_socialtoken"}}, {"model": "auth.permission", "pk": 79, "fields": {"name": "Can delete social application token", "content_type": 20, "codename": "delete_socialtoken"}}, {"model": "auth.permission", "pk": 80, "fields": {"name": "Can view social application token", "content_type": 20, "codename": "view_socialtoken"}}, {"model": "auth.permission", "pk": 81, "fields": {"name": "Can add subsciption", "content_type": 21, "codename": "add_subsciption"}}, {"model": "auth.permission", "pk": 82, "fields": {"name": "Can change subsciption", "content_type": 21, "codename": "change_subsciption"}}, {"model": "auth.permission", "pk": 83, "fields": {"name": "Can delete subsciption", "content_type": 21, "codename": "delete_subsciption"}}, {"model": "auth.permission", "pk": 84, "fields": {"name": "Can view subsciption", "content_type": 21, "codename": "view_subsciption"}}, {"model": "auth.permission", "pk": 85, "fields": {"name": "Can add subscriber", "content_type": 21, "codename": "add_subscriber"}}, {"model": "auth.permission", "pk": 86, "fields": {"name": "Can change subscriber", "content_type": 21, "codename": "change_subscriber"}}, {"model": "auth.permission", "pk": 87, "fields": {"name": "Can delete subscriber", "content_type": 21, "codename": "delete_subscriber"}}, {"model": "auth.permission", "pk": 88, "fields": {"name": "Can view subscriber", "content_type": 21, "codename": "view_subscriber"}}, {"model": "auth.permission", "pk": 89, "fields": {"name": "Can add django job", "content_type": 22, "codename": "add_djangojob"}}, {"model": "auth.permission", "pk": 90, "fields": {"name": "Can change django job", "content_type": 22, "codename": "change_djangojob"}}, {"model": "auth.permission", "pk": 91, "fields": {"name": "Can delete django job", "content_type": 22, "codename": "delete_djangojob"}}, {"model": "auth.permission", "pk": 92, "fields": {"name": "Can view django job", "content_type": 22, "codename": "view_djangojob"}}, {"model": "auth.permission", "pk": 93, "fields": {"name": "Can add django job execution", "content_type": 23, "codename": "add_djangojobexecution"}}, {"model": "auth.permission", "pk": 94, "fields": {"name": "Can change django job execution", "content_type": 23, "codename": "change_djangojobexecution"}}, {"model": "auth.permission", "pk": 95, "fields": {"name": "Can delete django job execution", "content_type": 23, "codename": "delete_djangojobexecution"}}, {"model": "auth.permission", "pk": 96, "fields": {"name": "Can view django job execution", "content_type": 23, "codename": "view_djangojobexecution"}}, {"model": "auth.permission", "pk": 97, "fields": {"name": "Can add article category", "content_type": 24, "codename": "add_articlecategory"}}, {"model": "auth.permission", "pk": 98, "fields": {"name": "Can change article category", "content_type": 24, "codename": "change_articlecategory"}}, {"model": "auth.permission", "pk": 99, "fields": {"name": "Can delete article category", "content_type": 24, "codename": "delete_articlecategory"}}, {"model": "auth.permission", "pk": 100, "fields": {"name": "Can view article category", "content_type": 24, "codename": "view_articlecategory"}}, {"model": "auth.group", "pk": 1, "fields": {"name": "authors", "permissions": [41, 42, 43, 53, 54, 55]}}, {"model": "auth.group", "pk": 2, "fields": {"name": "managers", "permissions": [33, 35, 41, 42, 53, 54, 55, 57, 58, 59]}}, {"model": "auth.user", "pk": 1, "fields": {"password": "pbkdf2_sha256$720000$YDJ3ClkNBjN6NEmCUd3Ru4$pJqiH2DDXy5SWm4Hb0+1AfaQzXSc0DMPJulVC61rDVY=", "last_login": "2024-05-08T02:32:16.326Z", "is_superuser": true, "username": "administrator", "first_name": "Igor", "last_name": "", "email": "igoroshust@yandex.ru", "is_staff": true, "is_active": true, "date_joined": "2024-03-31T05:37:22Z", "groups": [1, 2], "user_permissions": []}}, {"model": "auth.user", "pk": 2, "fields": {"password": "!prs6SHBq5w3DIVv5UMYIAAg31Y3z0dzNiuPzcvW4", "last_login": null, "is_superuser": false, "username": "Igor", "first_name": "", "last_name": "", "email": "", "is_staff": false, "is_active": true, "date_joined": "2024-03-31T07:37:07.323Z", "groups": [], "user_permissions": []}}, {"model": "auth.user", "pk": 3, "fields": {"password": "!CEvpx9ZUQXdZJW3cFLgg4vX7eAuRMfgE5iOgNdXc", "last_login": null, "is_superuser": false, "username": "Maxim", "first_name": "", "last_name": "", "email": "", "is_staff": false, "is_active": true, "date_joined": "2024-03-31T07:37:27.446Z", "groups": [], "user_permissions": []}}, {"model": "auth.user", "pk": 4, "fields": {"password": "!2IB7aUZqVa9lZLj5sIwDVSg2umCCmuxZq10oOO60", "last_login": null, "is_superuser": false, "username": "Victor", "first_name": "", "last_name": "", "email": "", "is_staff": false, "is_active": true, "date_joined": "2024-04-06T06:04:08.532Z", "groups": [], "user_permissions": []}}, {"model": "auth.user", "pk": 5, "fields": {"password": "pbkdf2_sha256$720000$M1in5wHQGGUenQgxC36NW1$0bttsKfgLg5d7LiIlTnqpj6CwtGoySRa7FdLYy+zIrY=", "last_login": "2024-04-25T08:27:16Z", "is_superuser": false, "username": "ivanivanov", "first_name": "Ivan", "last_name": "Ivanov", "email": "igoroshust75@gmail.com", "is_staff": false, "is_active": true, "date_joined": "2024-04-18T04:02:05Z", "groups": [2], "user_permissions": []}}, {"model": "auth.user", "pk": 6, "fields": {"password": "!ussnTUtYAvOyRwxN0acYqrYyomTeB50cLHnB1O1l", "last_login": "2024-05-11T15:06:17.342Z", "is_superuser": false, "username": "xx", "first_name": "Игорь", "last_name": "Ошуст", "email": "igoroshust00@yandex.ru", "is_staff": false, "is_active": true, "date_joined": "2024-04-18T04:47:49Z", "groups": [1], "user_permissions": []}}, {"model": "auth.user", "pk": 7, "fields": {"password": "pbkdf2_sha256$720000$TejSfl1mIXtSfAhiVoKTKY$760e9hGgPSTHR7/sSa+as9SEq9vUGRkDael3KlDnZiQ=", "last_login": null, "is_superuser": false, "username": "aa", "first_name": "", "last_name": "", "email": "aa@aa.aa", "is_staff": false, "is_active": true, "date_joined": "2024-04-18T05:17:07Z", "groups": [1], "user_permissions": []}}, {"model": "auth.user", "pk": 8, "fields": {"password": "pbkdf2_sha256$720000$CMTb8hrxhbuNTmxpbbUNRX$tkBoF780HtUK2M5SDJvcJkx769aBmqBSo+m9UwknBi0=", "last_login": "2024-04-18T09:27:30.130Z", "is_superuser": false, "username": "ss", "first_name": "", "last_name": "", "email": "ss@ss.ss", "is_staff": false, "is_active": true, "date_joined": "2024-04-18T05:19:46Z", "groups": [1], "user_permissions": []}}, {"model": "contenttypes.contenttype", "pk": 1, "fields": {"app_label": "admin", "model": "logentry"}}, {"model": "contenttypes.contenttype", "pk": 2, "fields": {"app_label": "auth", "model": "permission"}}, {"model": "contenttypes.contenttype", "pk": 3, "fields": {"app_label": "auth", "model": "group"}}, {"model": "contenttypes.contenttype", "pk": 4, "fields": {"app_label": "auth", "model": "user"}}, {"model": "contenttypes.contenttype", "pk": 5, "fields": {"app_label": "contenttypes", "model": "contenttype"}}, {"model": "contenttypes.contenttype", "pk": 6, "fields": {"app_label": "sessions", "model": "session"}}, {"model": "contenttypes.contenttype", "pk": 7, "fields": {"app_label": "app", "model": "author"}}, {"model": "contenttypes.contenttype", "pk": 8, "fields": {"app_label": "app", "model": "comment"}}, {"model": "contenttypes.contenttype", "pk": 9, "fields": {"app_label": "app", "model": "category"}}, {"model": "contenttypes.contenttype", "pk": 10, "fields": {"app_label": "app", "model": "postcategory"}}, {"model": "contenttypes.contenttype", "pk": 11, "fields": {"app_label": "app", "model": "post"}}, {"model": "contenttypes.contenttype", "pk": 12, "fields": {"app_label": "sites", "model": "site"}}, {"model": "contenttypes.contenttype", "pk": 13, "fields": {"app_label": "flatpages", "model": "flatpage"}}, {"model": "contenttypes.contenttype", "pk": 14, "fields": {"app_label": "news", "model": "article"}}, {"model": "contenttypes.contenttype", "pk": 15, "fields": {"app_label": "news", "model": "category"}}, {"model": "contenttypes.contenttype", "pk": 16, "fields": {"app_label": "account", "model": "emailaddress"}}, {"model": "contenttypes.contenttype", "pk": 17, "fields": {"app_label": "account", "model": "emailconfirmation"}}, {"model": "contenttypes.contenttype", "pk": 18, "fields": {"app_label": "socialaccount", "model": "socialaccount"}}, {"model": "contenttypes.contenttype", "pk": 19, "fields": {"app_label": "socialaccount", "model": "socialapp"}}, {"model": "contenttypes.contenttype", "pk": 20, "fields": {"app_label": "socialaccount", "model": "socialtoken"}}, {"model": "contenttypes.contenttype", "pk": 21, "fields": {"app_label": "news", "model": "subscriber"}}, {"model": "contenttypes.contenttype", "pk": 22, "fields": {"app_label": "django_apscheduler", "model": "djangojob"}}, {"model": "contenttypes.contenttype", "pk": 23, "fields": {"app_label": "django_apscheduler", "model": "djangojobexecution"}}, {"model": "contenttypes.contenttype", "pk": 24, "fields": {"app_label": "news", "model": "articlecategory"}}, {"model": "sessions.session", "pk": "04b4mfcx6669rc6xodc9hm3ab3i2fmj6", "fields": {"session_data": ".eJxlUMluhDAM_RefEYpDVm7tb1QVMlkEKiUVCaOpRvPvBcqF9ma9zfZ7ADmX1rl0tJYhzGV0VMY0d5-hDMlnaN8e8DtDCzm5kabTARVQgRY1SoZKW11brpRFU8HXkm6jD8tm-abZh_umXcc9AeWmtMwwCc_3Co6t3ZrD0h20ggvWk_sI807QNO1wfe6uD81J5_rlcvvr6bpEDZSHLUd4Hk2DEUVwETn1vUURG-vIbgDzjLyMPTUqeopS8CCUR4aNYcSj0Hp_-n9hwXd_q5BGWSmeP3h1c0Q:1s42DF:z-a4XxNsRf1h-93i1AA2V4ndDc0CcrVEzJXJ-6By8b4", "expire_date": "2024-05-20T17:33:17.987Z"}}, {"model": "sessions.session", "pk": "37us0zf610kfaezcru1068sizat1kei1", "fields": {"session_data": ".eJxVjEEOwiAQRe_C2pBSYACX7j0DmTKMVA0kpV0Z765NutDtf-_9l4i4rSVuPS9xJnEWVpx-twnTI9cd0B3rrcnU6rrMk9wVedAur43y83K4fwcFe_nWnj0ZRU55G5B1Np6dBx6DHpQaIGUeXZqccsECQUIMYIwGE4I17IjE-wPQlDdG:1rxIyy:ovDUw8oCEDsW662LVRW9yXC5Cn7IAcIe1_1KU8QkiY4", "expire_date": "2024-05-02T04:02:44.918Z"}}, {"model": "sessions.session", "pk": "4bqjzlzpwvhhkjsvxkdc31p5z6wrxj76", "fields": {"session_data": ".eJxVjDsOwyAQBe9CHSFAyy9l-pwBLSwEJxFIxq6s3D225CJp38y8jQVclxrWkecwEbsyyS6_W8T0yu0A9MT26Dz1tsxT5IfCTzr4vVN-307376DiqHttlJLFm-h0AWFcBim01SBBiLgj8M5kVQyRJ4UWiAxIj2hz9Jh8JPb5AqmUN0g:1rxNfW:xuXqN_4Cen0IG6_iV0JrD_1XwK1P_VX1UrAomY7eEFY", "expire_date": "2024-05-02T09:02:58.423Z"}}, {"model": "sessions.session", "pk": "gmoeufsp5zmz2k2vrvjc0nj39tkfzpfb", "fields": {"session_data": ".eJxlUMluhDAM_RefEYqzEMKt_Y2qikwWEZWSCsJoqtH8e4Fyob1Zb7P9HkDO5XUqltYyhKkkRyXlyX6GMmS_QPf2gN8ZOliySzSeDqiACnSoUXLWCNS1lhyVquBrzrfkw7w5vmny4b5J17QHoGq0MaxlCp7vFRxL7bqE2R50AxesJ_cRpp2gcdzh-lxdH5qTXuqXy-mvp-sSNdAybDnS89gKjCiDi8ip7w3KKIwjswHMM_Iq9iSa6CkqyYNsPDIULSMepdb7z__7Ct7-bUIbFCifPwpXct0:1s0dMz:iJHerzN-DmHdnXbaVVB_cbgv6p79veFp_VPeOZ_hsBM", "expire_date": "2024-05-11T08:25:17.796Z"}}, {"model": "sessions.session", "pk": "i3zow0z3pqqcn6ds1rdgjpgrqxwx8ng3", "fields": {"session_data": ".eJxVjDsOwyAQBe9CHSFAyy9l-pwBLSwEJxFIxq6s3D225CJp38y8jQVclxrWkecwEbsyyS6_W8T0yu0A9MT26Dz1tsxT5IfCTzr4vVN-307376DiqHttlJLFm-h0AWFcBim01SBBiLgj8M5kVQyRJ4UWiAxIj2hz9Jh8JPb5AqmUN0g:1s4X6N:ex9ZB_-ocRaiXX8mEQrZctsp-bW6eHgsGShk1Cox_jI", "expire_date": "2024-05-22T02:32:15.647Z"}}, {"model": "sessions.session", "pk": "ki4dze9rwkpwhzy1pmjoxf3pava8wkcy", "fields": {"session_data": ".eJxlUMluhDAM_RefEYqzEMKt_Y2qQiaLiEqTCsJoqtH8e4Fyob1Zb7P9HkDW5jWVntYy-lSipRJz6j99GbNboHt7wO8MHSzZRppOB1RABTrUqKQwRutaoOTI2wq-5nyLzs-b5ZuS8_dNu8Y9AVWjjWEtU_B8r-DY2q-Ln_uDbuCCDWQ_fNoJmqYdrs_d9aE56aV-udz-erouUSMt45YjHQ-twIDS24CchsGgDMJYMhvAHCOnwkCiCY6CktzLxiFD0TLiQWq9P_2_MO_6v1VIw5lRzx9tL3M0:1s5oIj:HM6hmOdD57JnfNJdQa0V5UOTHjbz3xBCCJfoub5NTGk", "expire_date": "2024-05-25T15:06:17.366Z"}}, {"model": "sessions.session", "pk": "sbr1yssnarevbm4lpy44jiu5mqd229kh", "fields": {"session_data": ".eJxVjDsOwyAQBe9CHSFAyy9l-pwBLSwEJxFIxq6s3D225CJp38y8jQVclxrWkecwEbsyyS6_W8T0yu0A9MT26Dz1tsxT5IfCTzr4vVN-307376DiqHttlJLFm-h0AWFcBim01SBBiLgj8M5kVQyRJ4UWiAxIj2hz9Jh8JPb5AqmUN0g:1rv8xp:nAZCb_U265wJUOAQXg9B6G0MlK4RMdnBCP3V4BuduxA", "expire_date": "2024-04-26T04:56:37.376Z"}}, {"model": "sessions.session", "pk": "vz9bv05zcxx97udcg297knxllinupmpj", "fields": {"session_data": ".eJxVjDsOwyAQBe9CHSFAyy9l-pwBLSwEJxFIxq6s3D225CJp38y8jQVclxrWkecwEbsyyS6_W8T0yu0A9MT26Dz1tsxT5IfCTzr4vVN-307376DiqHttlJLFm-h0AWFcBim01SBBiLgj8M5kVQyRJ4UWiAxIj2hz9Jh8JPb5AqmUN0g:1rsyyU:_M3Ns-xDtPXLkx8YMccpZuOj0CNjyUp1Pb5dnB_KX2I", "expire_date": "2024-04-20T05:52:22.336Z"}}, {"model": "sessions.session", "pk": "wbo7lueuvgfnms7l7982y663z27bcos6", "fields": {"session_data": ".eJxlUMluhDAM_RefEYqzQbi1v1FVkckiUCmpSBhNNZp_L1AutDfrbbbfA8i5tM7F0lqGMJfRURnTbD9DGZLP0L094HeGDnJyI02nAyqgAh02KFtUSvNacBRG6Qq-lnQbfVg2yzfNPtw37TruCah0YwxrmYLnewXHVrvmsNiD1nDBenIfYd4JmqYdrs_d9aE56Vy_XG5_PV2XqIHysOVIz2MrMKIMLiKnvjcoozCOzAYwz8ir2JPQ0VNUkgepPTIULSMeZdPsT_8vLHj7twrVIhfPH_QDcug:1s3BrW:9IQHCBjRv3-Mw0S1JN-DAjxWnWANlgCRBBh8wjIzRow", "expire_date": "2024-05-18T09:39:22.375Z"}}, {"model": "sessions.session", "pk": "yk6r6zmb9f2na3xypkso5amocdbhwi6p", "fields": {"session_data": ".eJxlUMtuhDAM_BefESLk4YRT29-oKuTNY4m6kBUJaqvV_nuBckG9WePxzHgeQNamZSo9LWXwU4mWSkxTP_oyJJehe3_A3wwd3CnnrzQ7qIAKdAyZaDhXXNbGoEbBK_AjxdtKjdc0pzwsuaB8uW5gbdMIz48Kdqt-yX7u46Yq4YRdyH76aVvQ7bbB9RGx3jnHOtevp8Bvx9VJaqA8rDo6aCeYQ6alocC90AG1Cq3hDWONsj60aC_I0EjllCUySgiuhDFSBHT7u_9b8q4_laDqpl0dENcI2ee8tei_73H-ga55_gK_yHdO:1rzuRo:PqdMQWl4k1bP7keaAWpD8K_y-N36F6oQovb0myzBfmk", "expire_date": "2024-05-09T08:27:16.025Z"}}, {"model": "sessions.session", "pk": "zxt62qoss2rq36dzppt684bxwjt02lgf", "fields": {"session_data": ".eJxVjDsOwyAQBe9CHSFAyy9l-pwBLSwEJxFIxq6s3D225CJp38y8jQVclxrWkecwEbsyyS6_W8T0yu0A9MT26Dz1tsxT5IfCTzr4vVN-307376DiqHttlJLFm-h0AWFcBim01SBBiLgj8M5kVQyRJ4UWiAxIj2hz9Jh8JPb5AqmUN0g:1rxKJR:BRcxaw0tKWh5PiJh15mGh8t8omYpbDVUCR40kXFEPsA", "expire_date": "2024-05-02T05:27:57.137Z"}}, {"model": "app.author", "pk": 1, "fields": {"authorUser": 2, "ratingAuthor": 21}}, {"model": "app.author", "pk": 2, "fields": {"authorUser": 3, "ratingAuthor": 6}}, {"model": "app.author", "pk": 3, "fields": {"authorUser": 4, "ratingAuthor": 0}}, {"model": "app.category", "pk": 1, "fields": {"categoryName": "IT"}}, {"model": "app.category", "pk": 2, "fields": {"categoryName": "Sport"}}, {"model": "app.category", "pk": 3, "fields": {"categoryName": "Education"}}, {"model": "app.category", "pk": 4, "fields": {"categoryName": "Politics"}}, {"model": "app.post", "pk": 1, "fields": {"postAuthor": 1, "categoryType": "AR", "dateCreation": "2024-03-31T07:43:25.079Z", "title": "title from AR-1", "text": "text from AR-1", "rating": 4}}, {"model": "app.post", "pk": 2, "fields": {"postAuthor": 1, "categoryType": "AR", "dateCreation": "2024-03-31T07:45:14.031Z", "title": "title from AR-2", "text": "text from AR-2", "rating": 3}}, {"model": "app.post", "pk": 3, "fields": {"postAuthor": 2, "categoryType": "NW", "dateCreation": "2024-03-31T07:45:33.794Z", "title": "title from NW-1", "text": "text from NW-2", "rating": 1}}, {"model": "app.comment", "pk": 1, "fields": {"commentPost": 1, "commentUser": 3, "text": "Крутая статья!", "dateCreation": "2024-03-31T07:57:18.863Z", "rating": 4}}, {"model": "app.comment", "pk": 2, "fields": {"commentPost": 1, "commentUser": 3, "text": "Аффтар ЖжОт Ни Па ДеЦки!", "dateCreation": "2024-03-31T07:58:12.179Z", "rating": -4}}, {"model": "app.comment", "pk": 3, "fields": {"commentPost": 2, "commentUser": 3, "text": "Подписываюсь под каждым словом!", "dateCreation": "2024-03-31T07:59:49.827Z", "rating": 2}}, {"model": "app.comment", "pk": 4, "fields": {"commentPost": 2, "commentUser": 3, "text": "Жизненно!", "dateCreation": "2024-03-31T08:00:03.344Z", "rating": 1}}, {"model": "app.comment", "pk": 5, "fields": {"commentPost": 3, "commentUser": 2, "text": "Хорошая новость!", "dateCreation": "2024-03-31T08:00:26.675Z", "rating": 0}}, {"model": "app.comment", "pk": 6, "fields": {"commentPost": 3, "commentUser": 2, "text": "Мне нравится!", "dateCreation": "2024-03-31T08:00:35.637Z", "rating": 0}}, {"model": "app.comment", "pk": 7, "fields": {"commentPost": 1, "commentUser": 2, "text": "Продолжу писать в том же духе", "dateCreation": "2024-03-31T08:01:04.018Z", "rating": 0}}, {"model": "app.postcategory", "pk": 1, "fields": {"postThrough": 1, "categoryThrough": 1}}, {"model": "app.postcategory", "pk": 2, "fields": {"postThrough": 1, "categoryThrough": 2}}, {"model": "app.postcategory", "pk": 3, "fields": {"postThrough": 2, "categoryThrough": 3}}, {"model": "app.postcategory", "pk": 4, "fields": {"postThrough": 2, "categoryThrough": 4}}, {"model": "app.postcategory", "pk": 5, "fields": {"postThrough": 3, "categoryThrough": 1}}, {"model": "app.postcategory", "pk": 6, "fields": {"postThrough": 3, "categoryThrough": 3}}, {"model": "news.category", "pk": 1, "fields": {"name": "Большие собаки", "subscribers": [1, 5]}}, {"model": "news.category", "pk": 2, "fields": {"name": "Маленькие собаки", "subscribers": [1, 5]}}, {"model": "news.article", "pk": 1, "fields": {"name": "Аргентинский дог", "text": "Аргентинский дог был выведен доктором А. Н. Мартинесом в г. Кордова (Аргентина) в результате скрещивания кордовской бойцовской собаки (ныне вымершая порода; была сформирована скрещиванием испанских мастифов, привезённых конкистадорами в 16 в., бультерьеров и бульдогов) и немецкого дога, английского пойнтера, ирландского волкодава, бордоского дога, испанского и пиренейского мастифов. При выведении породы Мартинес стремился получить собаку, которая сочетала бы в себе качества кордовской бойцовской собаки и лучших европейских охотничьих пород. В результате была получена порода сильных, подвижных и бесстрашных собак, обладающих тонким нюхом, способных долго преследовать зверя и удерживать его до подхода охотника. Кинологической федерацией Аргентины порода признана в 1964 г.; признана FCI в 1973 г., действующий стандарт породы утверждён в 2012 г. В Россию была завезена в 1992 г.", "date": "2024-04-06T07:08:21.019Z", "category": 1}}, {"model": "news.article", "pk": 2, "fields": {"name": "Аляскинский маламут", "text": "Первые документальные упоминания об аляскинских маламутах относят к 18 в. Своим названием порода обязана эскимосскому племени малемутов (малемиутов, малемьютов). Малемуты жили на прибрежных территориях Аляски и разводили сильных и выносливых собак, приспособленных к суровым погодным условиям. Их использовали для охоты на карибу, охраны стойбища и как ездовых собак. Периодом расцвета породы считают времена золотой лихорадки, когда на Клондайке (Канада) были очень популярны соревнования ездовых упряжек. В 1935 г. порода была признана Американским клубом аляскинских маламутов. В 1963 г. порода была зарегистрирована FCI, в 2023 г. был принят ныне действующий стандарт. В РКФ аляскинские маламуты зарегистрированы в 1999 г.", "date": "2024-04-06T08:44:26.676Z", "category": 1}}, {"model": "news.article", "pk": 3, "fields": {"name": "Кавказская овчарка", "text": "Предположительно предками кавказской овчарки являются древние догообразные собаки Тибета, которые служили скотоводам от предгорий Кавказа до Иранского нагорья, охраняя отары от хищников. Порода сформировалась под влиянием национальных традиций и климатических условий. Целенаправленная работа по созданию современной кавказской овчарки началась в 1920-х гг. При разведении культивировались такие качества как выносливость, неприхотливость в еде, плотная и водонепроницаемая шерсть.\r\n\r\nПервый официальный стандарт принят в СССР в 1931 г. Впервые за рубежом порода была показана в 1930 г. в Нюрнберге, на Всегерманской выставке, куда Осоавиахим привёз собак русских пород. В 1984 г. кавказская овчарка признана FCI.", "date": "2024-04-06T08:44:55.533Z", "category": 1}}, {"model": "news.article", "pk": 4, "fields": {"name": "Акита", "text": "Выведена в районе Одате префектуры Акита, расположенной на о-ве Хонсю (Япония). Ранее эти собаки были известны как «одате-ину» или «кадзуно-ину», что соответствовало названиям районов их происхождения. Позже их стали называть акита-ину. Однако впоследствии в названии породы осталось только первое слово – «акита». Предки акиты – собаки от малого до среднего размера. В древности акиту использовали не только для охоты, но и для собачьих боёв (запрещены в Японии с 1908). В 1868 г. с целью укрупнения размера собак этой породы стали скрещивать с собаками породы тоса и мастифами, однако это привело к утрате в породе черт шпицеобразного типа. Во время Второй мировой войны поголовье породы акита сильно сократилось. Восстановление численности поголовья было затруднено происшедшей метизацией. В FCI порода признана в 1964 г., действующий стандарт породы утверждён в 2001 г.", "date": "2024-04-06T08:45:34.185Z", "category": 1}}, {"model": "news.article", "pk": 5, "fields": {"name": "Русская псовая борзая", "text": "Выведена в России предположительно в 11–12 вв. Описания русской псовой борзой и охоты с ней появились в 17 в. В 19 в. Русскую псовую борзую скрещивали с западноевропейскими, азиатскими и крымскими борзыми. Первый стандарт породы разработан в 1888 г., действующий принят в 2006 г.", "date": "2024-04-12T04:58:29.367Z", "category": 1}}, {"model": "news.article", "pk": 6, "fields": {"name": "Норные собаки", "text": "Но́рные соба́ки, группа пород собак, предназначенных для охоты на зверей, обитающих в норах (лисица, барсук, енотовидная собака и др.). К норным собакам относят собак из группы терьеров (фокстерьер, ягдтерьер, вельштерьер и др.) и таксу. Это небольшие (рост в холке не выше 40 см) сильные собаки с мощными челюстями. Норной собаке присущи настойчивость в работе, злобность к зверю, бесстрашие, хорошее чутьё и сообразительность. Войдя в нору, собака начинает искать зверя, используя обоняние, слух и осязание. Обнаружив зверя, собака лаем оповещает об этом охотника, затем начинает преследование зверя или атакует его, вынуждая покинуть нору и выйти наружу, где он попадает под выстрел охотника. Нередко норные собаки вступают со зверем в схватку в норе и, взяв его «мёртвой» хваткой за горло, вытаскивают из норы.", "date": "2024-04-12T04:59:04.091Z", "category": 2}}, {"model": "news.article", "pk": 7, "fields": {"name": "Молоссы", "text": "Предположительно молоссы имели общих предков – мастифоподобных собак, попавших в Европу и Африку из Азии. Первоначально предков молоссов (название произошло от Молоссии – центральной области Эпира, где их разводили) использовали только в качестве сторожевых и охотничьих собак. Внешний облик и внутригрупповая специализация молоссов формировались под влиянием условий обитания, а также менталитета и культурного уровня народов, проживавших на данной территории. Собаки становились воинами, охотниками, сторожами жилищ и помощниками пастухов в охране скота.", "date": "2024-04-12T04:59:21.851Z", "category": 2}}, {"model": "news.article", "pk": 8, "fields": {"name": "Ньюфаундленд (порода собак)", "text": "Сформировалась на о. Ньюфаундленд (отсюда название). По одной из версий, предками ньюфаундленда были чёрные медвежьи собаки викингов, по другой – аборигенные собаки коренных индейцев; позднее они скрещивались с собаками европейских колонистов. Собак использовали главным образом для охраны имущества и транспортировки грузов (в том числе рыбацких сетей). Современный облик ньюфаундленда сформировался к середине 18 в. Первый стандарт породы принят в Великобритании в 1879 г., действующий – в 1996 г.", "date": "2024-04-12T04:59:36.453Z", "category": 2}}, {"model": "news.article", "pk": 9, "fields": {"name": "Немецкая овчарка", "text": "Выведена в Германии в конце 19 в. для охраны и пастьбы скота из местных овчарок, отличавшихся крепким телосложением, силой и сообразительностью. Первый стандарт породы принят в конце 1899 г., действующий утверждён в 2010 г.", "date": "2024-04-12T05:00:09.488Z", "category": 1}}, {"model": "news.article", "pk": 10, "fields": {"name": "Малинуа", "text": "Малинуа́ (бельгийский малинуа), наиболее распространённая разновидность бельгийской овчарки. Помимо короткошёрстной малинуа, порода включает 2 длинношёрстные разновидности (грюнендаль и тервьюрен) и 1 жесткошёрстную (лакенуа), объединённые общим стандартом (первый принят в начале 1940-х гг., действующий – в 1989). Распространена в основном в странах Европы, её используют для нужд армии, полиции, службы спасения и т. д., а также содержат в качестве собаки-компаньона. В РФ разводят с конца 1990-х гг.", "date": "2024-04-12T05:00:26.723Z", "category": 1}}, {"model": "news.article", "pk": 11, "fields": {"name": "Эрдельтерьер", "text": "Эрдельтерье́р, порода собак, самый крупный представитель группы терьеров. За размер и универсальность эрдельтерьера прозвали «королём терьеров». Порода выведена в Великобритании, в графстве Йоркшир, в долине реки Эр (отсюда название – терьер из долины реки Эр) для охоты на водяного зверя (выдру) в середине 19 в. Предками эрдельтерьера были староанглийский чёрно-подпалый терьер и выдровая гончая оттерхаунд. Впервые «грубошёрстных береговых терьеров» продемонстрировали на местной выставке в городе Бингли в 1864 г., а в 1886 г. Английский кеннел-клуб внёс в племенную книгу 24 собаки этой породы под названием «эрдельтерьер».", "date": "2024-04-12T05:00:42.663Z", "category": 2}}, {"model": "news.article", "pk": 12, "fields": {"name": "Ретриверы", "text": "Выведены для розыска и подачи охотнику подстреленной дичи. Шесть пород: в Великобритании – лабрадор-ретривер, золотистый ретривер, курчавошёрстный и гладкошёрстный ретривер, в Канаде – новошотландский утиный ретривер, в США – чесапик бей ретривер. Наиболее распространён в мире лабрадор-ретривер. Выведен из собак, завезённых с о. Ньюфаундленд в начале 19 в. Первый стандарт принят в 1903 г., современный – в 2011 г", "date": "2024-04-12T05:00:58.546Z", "category": 1}}, {"model": "news.article", "pk": 13, "fields": {"name": "Сенбернар", "text": "Большинство современных исследователей склоняются к мысли, что прародителями сегодняшних сенбернаров были тибетские доги – собаки массивного телосложения. Порода выведена в монастыре Святого Бернарда (основан в 11 в.), расположенного на перевале Большой Сен-Бернар (территория Швейцарских Альп), через него проходила дорога, связывающая Италию с Центральной Европой. Эти места на высоте порядка 2,472 тыс. м над уровнем моря отличались экстремальными погодными условиями и крутыми спусками", "date": "2024-04-12T05:01:16.638Z", "category": 2}}, {"model": "news.article", "pk": 14, "fields": {"name": "Ротвейлер", "text": "Предками считают римских собак. Вместе с легионами Клавдия I эти собаки пересекли Альпы и обосновались на территории, которую сейчас занимает юг Германии. Здесь эти собаки использовались для охраны и выпаса крупного рогатого скота. Своё название порода получила в честь города Ротвайль (Роттвайль) на юго-западе Германии. Крупных псов привлекали для охраны мясных обозов и именовали «ротвейлер-метцгерхунд», в дословном переводе – собака мясника.", "date": "2024-04-12T05:01:35.372Z", "category": 1}}, {"model": "news.article", "pk": 15, "fields": {"name": "Немецкий дратхаар", "text": "Неме́цкий дратха́ар (немецкая жесткошёрстная легавая, дратхаар), порода универсальных подружейных собак из группы континентальных легавых. Дратхааров используют для различных видов охоты в лесу, на открытых пространствах и в воде. Они одинаково хорошо подходят как для поиска и подъёма дичи, так и для её подачи после выстрела и для работы по следу, поскольку обладают ярко выраженным охотничьим чутьём, врождённой стойкой, склонностью к следовой работе, широким поиском на умеренно быстром галопе или рыси, способны подать в руки охотника битую птицу, а также некрупных зверей (заяц, лисица), раненых копытных дратхаар удерживает на месте до подхода охотника с помощью облаивания.", "date": "2024-04-12T05:01:50.310Z", "category": 1}}, {"model": "news.article", "pk": 16, "fields": {"name": "Лабрадор-ретривер", "text": "Предки этой породы помогали рыбакам о. Ньюфаундленд вытягивать сети. В начале 19 в. этих собак завезли в Великобританию, где стали использовать также для охоты на водоплавающую дичь. Улучшая рабочие качества, владельцы собак скрещивали их с другими ретриверами, а также пойнтерами и сеттерами. В 1904 г. Английский Кеннел-клуб зарегистрировал лабрадора-ретривера как породу; Английский Лабрадор-клуб создан в 1916 г.; Клуб палевых лабрадоров образован в 1925 г. Действующий официальный стандарт FCI принят в 2011 г.", "date": "2024-04-12T05:02:25.985Z", "category": 1}}, {"model": "news.article", "pk": 17, "fields": {"name": "Мастифa", "text": "Мастиф – массивная собака атлетичного сложения (высота в холке не менее 75 см; масса не менее 70 кг, максимум до 150 кг). Голова объёмная, с кожными складками на лбу. Морда короткая, тупая, широкая, с чётко очерченными отвислыми губами (брылями). Шерсть короткая, прилегающая. Окрас: абрикосовый, серебристо-палевый, тёмно-тигровый; обязательны чёрная «маска» на морде и чёрные уши. Мастиф уравновешен, решителен, бдителен. Мастифа содержат в качестве собаки-телохранителя и собаки-компаньона. Широкого распространения порода не получила. Мастифа использовали при выведении породы бульмастиф. Средняя продолжительность жизни – 11 лет.", "date": "2024-04-12T05:02:47.026Z", "category": 2}}, {"model": "news.article", "pk": 18, "fields": {"name": "Манчестерский терьер", "text": "Выведен в индустриальных районах Северной Англии (г. Манчестер, откуда название породы) для охраны помещений от грызунов (в 19 в. даже устраивались состязания с тотализатором, на которых манчестерский терьер должен был уничтожить в яме, позднее – в ринге, максимальное число крыс). Получен скрещиванием гладкошёрстной разновидности староанглийского чёрно-подпалого терьера с небольшой борзой. Племенная книга породы ведётся с 1873 г.; собаки появлялись на выставках с 1860-х гг.; первые клубы породы создавались в 1880-х гг.", "date": "2024-04-12T05:03:25.486Z", "category": 1}}, {"model": "news.article", "pk": 19, "fields": {"name": "Американский питбультерьер", "text": "Пропорционально сложенная, мощная, сильная, ловкая собака крепкого типа конституции. Внешний вид породы не имеет строгих критериев; предпочтительная масса взрослого животного от 13,6–15,9 до 22,7–27,2 кг. Агрессия к человеку нехарактерна; врождённая агрессия к особям своего вида при неправильном воспитании собаки может стать чрезмерной, поэтому американскому питбультерьеру необходимы социализация и занятия по курсу послушания. Содержат в основном в качестве собаки-телохранителя или сторожа на огороженном участке. Средняя продолжительность жизни – 14 лет.", "date": "2024-04-12T05:03:41.649Z", "category": 1}}, {"model": "news.article", "pk": 20, "fields": {"name": "Немецкий дог", "text": "По одной из версий происхождения породы, предками немецкого дога считают больших молосских собак, охранявших дворцы ассирийских царей и сопровождавших в походах армию Александра Македонского; с начала нашей эры предков немецких догов использовали только для охоты на крупного зверя. В современном виде порода сформировалась в Германии в конце 19 в. (тогда же первых немецких догов завезли в Россию). Первый стандарт породы принят в 1891 г., действующий – утверждён в 2002 г.", "date": "2024-04-12T05:03:56.839Z", "category": 1}}, {"model": "news.article", "pk": 21, "fields": {"name": "Лайки", "text": "Традиционное в России название охотничьих, ездовых, сторожевых и пастушьих собак, издавна распространённых у народностей, населяющих северные области Европы, Азии, Северной Америки и Гренландию. Для лайки характерны клинообразная голова, острая морда, небольшие стоячие треугольные заострённые уши, жёсткая густая с развитым подшёрстком шерсть, а также хвост, загнутый серпом или свёрнутый кольцом, закинутый на спину или прижатый к боку.", "date": "2024-04-12T05:04:17.398Z", "category": 1}}, {"model": "news.article", "pk": 22, "fields": {"name": "Фила бразилейро", "text": "Выведена в Бразилии. Предки филы бразилейро попали в Южную Америку с конкистадорами. Помимо основной работы – стеречь и преследовать беглых рабов – в обязанности филы входило охранять стада и жилища от очень опасного хищника – ягуара. Порода появилась в результате скрещивания мастифа, бладхаунда и английского бульдога. От мастифа фила унаследовал форму черепа и спины, у бладхаунда позаимствовал свисающие складки кожи, грустный взгляд и острый нюх, а от староанглийского бульдога достался буйный темперамент и упрямый нрав. Естественный отбор, среда обитания, использование собак для охраны и тяжёлой работы в течение столетий и сформировали породу, которую мы сегодня называем фила бразилейро.", "date": "2024-04-12T05:04:35.474Z", "category": 2}}, {"model": "news.article", "pk": 23, "fields": {"name": "Мастино наполетано", "text": "Предположительно мастино наполетано – потомок собак, участвовавших в боях и травле на аренах Древнего Рима. Родина породы – Неаполь, первый стандарт разработан в 1949 г., действующий принят в 1992 г. Лидеры в разведении мастино наполетано – Италия, Германия, Нидерланды, Венгрия, Польша. В РФ мастино наполетано завезены в конце 1980-х гг. Широкого распространения порода не получила.", "date": "2024-04-12T05:05:00.005Z", "category": 2}}, {"model": "news.article", "pk": 24, "fields": {"name": "Фландрский бувье", "text": "Фландрский бувье родом из Фландрии. Порода зародилась в 15–16 вв., её предками, предположительно, были испанские собаки, завезённые в данный регион конкистадорами. По другой версии, фландрские бувье сформировались в 16–18 вв. и имеют гены жесткошёрстной бельгийской овчарки – лакенуа, бриара и хердера – голландской длинношёрстной овчарки. Официальной датой в истории породы можно назвать 1894 г., когда появилось её первое письменное описание, сделанное бельгийским профессором А. Реулом.", "date": "2024-04-12T05:05:23.208Z", "category": 2}}, {"model": "news.article", "pk": 25, "fields": {"name": "Русский чёрный терьер", "text": "Создана в 1940–1950-х гг. под руководством генерал-майора Г. П. Медведева для охранно-караульной службы на военных и других государственных объектах. Основным генетическим материалом были собаки пород: ризеншнауцер, эрдельтерьер и ротвейлер. Порода зарегистрирована в 1981 г. под названием «чёрный терьер», признана ФЦИ как русский чёрный терьер в 1984 г.; действующий стандарт принят в 2010 г.", "date": "2024-04-12T05:06:24.239Z", "category": 1}}, {"model": "news.article", "pk": 26, "fields": {"name": "Далматин", "text": "Упоминание пятнистых собак встречается в дошедших до нас документах разных эпох и государств, начиная с древнеегипетских барельефов. Белые собаки с небольшими тёмными отметинами изображены на произведениях искусства 16–17 вв.: фресках в монастыре францисканцев в Заостроге, фресках церкви Санта-Мария-Новелла во Флоренции. В 1771 г. натуралист из Уэльса Т. Пеннант написал книгу «Синопсис четвероногих», где впервые назвал породу Dalmatian, поскольку многие самые ранние свидетельства обнаружены на территории исторической области Далмация, которая ныне является частью Хорватии.", "date": "2024-04-12T05:06:39.589Z", "category": 1}}, {"model": "news.article", "pk": 27, "fields": {"name": "Доберман", "text": "Выведена в Германии в конце 19 в. в г. Апольда (Тюрингия, Германия); создатель – Карл Фридрих Луис Доберман. Изначально порода называлась «тюрингский пинчер». С 1894 г. по имени создателя породы – доберман-пинчер. При очередной редакции стандарта в 1949 г. из названия породы было убрано слово «пинчер» и она стала именоваться «доберман». Точных сведений о происхождении породы не имеется, т. к. заводчик породы не вёл записей. Предположительно, при создании породы использовались короткошёрстные овчарки, ротвейлер, чёрно-подпалый терьер и гладкошёрстный немецкий пинчер. Также, возможно, приливалась кровь гончей, немецкого дога, грейхаунда.", "date": "2024-04-12T05:06:55.365Z", "category": 1}}, {"model": "news.article", "pk": 28, "fields": {"name": "Шарпей", "text": "Одна из древнейших пород мира (анализ ДНК породы подтверждает, что шарпеям не менее 3 тыс. лет). Материальные подтверждения древности породы относят к периоду правления династии Хань (с 202 до н. э. до 220 н. э.): найдены надгробные глиняные статуэтки собак, имеющих внешнее сходство с шарпеями, поэтому возможным местом происхождения породы считают провинцию Гуандун на юге Китая. Предполагаемыми предками шарпеев считают гладкошёрстных чау-чау, тибетского мастифа и других молоссов (около 200-х гг. до н. э. были налажены торговые связи между Римом и северной частью Китая).", "date": "2024-04-12T05:07:18.935Z", "category": 2}}, {"model": "news.article", "pk": 29, "fields": {"name": "Леонбергер", "text": "Выведена в городе Леонберг (Германия) в середине 19 в. (по одной из версий, скрещиванием сенбернаров, ньюфаундлендов и местных горных мастифообразных собак). Леонбергеров использовали главным образом для охраны стад и перевозки грузов. Первый стандарт принят в 1895 г. В РФ разводят с 1990-х гг.", "date": "2024-04-12T05:07:36.696Z", "category": 1}}, {"model": "news.article", "pk": 30, "fields": {"name": "Левретка", "text": "Предположительно, порода происходит из Древнего Египта, где маленьких борзых содержали как домашних питомцев, иногда использовали для охоты на мелкую дичь. Считают, что оттуда они попали в Древнюю Грецию, а в 5 в. до н. э. в Древний Рим. Название «левретка» восходит к франц. lièvre – заяц. В Средние века европейская знать охотилась с левретками на мелкую дичь, включая зайцев и куропаток. Наиболее популярна левретка была в 14–17 вв. В эпоху Возрождения предки левреток были очень популярны.", "date": "2024-04-12T05:08:01.224Z", "category": 2}}, {"model": "news.article", "pk": 32, "fields": {"name": "Маремма", "text": "Выведена путём скрещивания сходных по экстерьеру собак из областей Мaремма и Абруцци; использовалась для охраны отар от волков и медведей. Первый стандарт разработан в начале 1960-х гг., действующий принят в 1989 г. Широкого распространения в мире маремма не получила; в РФ завезена в конце 1990-х гг.", "date": "2024-04-12T15:00:04.222Z", "category": 1}}, {"model": "news.article", "pk": 37, "fields": {"name": "Русская борзая", "text": "Выведена в России предположительно в 11–12 вв. Описания русской псовой борзой и охоты с ней появились в 17 в. В 19 в. Русскую псовую борзую скрещивали с западноевропейскими, азиатскими и крымскими борзыми. Первый стандарт породы разработан в 1888 г., действующий принят в 2006 г.", "date": "2024-04-12T15:15:45.720Z", "category": 2}}, {"model": "news.article", "pk": 50, "fields": {"name": "Самоед", "text": "Одна из древних пород, распространённая ранее на Севере России от Кольского п-ова до п-ова Таймыр. Самоедов использовали как упряжных, оленегонных, охранных и охотничьих собак. Первый стандарт породы принят в Великобритании в 1909 г., действующий – в 1999 г.", "date": "2024-04-25T13:11:38.925Z", "category": 1}}, {"model": "news.article", "pk": 77, "fields": {"name": "Бигль", "text": "Существует две версии происхождения названия этой породы. Одна из них связана со способностью издавать протяжный, мелодичный лай, из-за чего в название породы могло лечь французское слово begueule, дословно — лужёная глотка[1]. Другую версию связывают с малым размером собаки, и вспоминают о староанглийском слове begle, кельтском beag или старофранцузском beigh, которые имели значение «маленький» и применялись ко всем гончим, вне зависимости от породы и происхождения.", "date": "2024-04-28T06:50:16.909Z", "category": 2}}, {"model": "news.article", "pk": 78, "fields": {"name": "Сиба-ину", "text": "Сиба-ину (или сиба-кэн) — порода охотничьих собак, выведенная на японском острове Хонсю.\r\nЭто самая мелкая из шести пород исконно японского происхождения.\r\nВ 1936 году сиба-ину была объявлена национальным достоянием Японии, где основное поголовье этих собак находится в деревнях.", "date": "2024-04-28T06:50:51.958Z", "category": 1}}, {"model": "news.article", "pk": 79, "fields": {"name": "Стаффордширский терьер", "text": "Американский стаффордширский терьер (англ. American Staffordshire Terrier) — порода собак, выведенная в США.\r\nПорода признана РКФ и FCI в составе 3-й группы.\r\nСобаки этой породы активны и смелы, обладают целеустремлённостью и своеобразным интеллектом. Их характер сочетает ряд противоположных качеств: ласку и силу, непримиримость и благодушие, упорство и чувствительность.", "date": "2024-04-28T06:51:35.440Z", "category": 2}}, {"model": "news.article", "pk": 80, "fields": {"name": "Тибетский мастиф", "text": "Тибетский мастиф (тиб. དོ་ཁྱི, кит. 藏獒) — порода собак.\r\nЯвляется одной из древнейших рабочих пород собак. Представители этой породы были сторожевыми псами в тибетских монастырях, а также помогали кочевникам в Гималайских горах.\r\nТибетский мастиф обладает густой ровной шерстью, что позволяет содержать его круглый год под открытым небом. Масса взрослого животного составляет от 60 до 80 кг, рост — 60–77 см.\r\nПо характеру тибетский мастиф — спокойная, сдержанная собака, сочетающая способность жить в семье и безупречно охранять дом. С другими собаками относительно дружелюбен, но способен адекватно ответить на агрессию.", "date": "2024-04-28T06:53:14.474Z", "category": 1}}, {"model": "news.article", "pk": 102, "fields": {"name": "Померанский шпиц", "text": "Померанский шпиц (также известен как миниатюрный шпиц) — порода собак, относящаяся к категории «Шпицы и породы примитивного типа» по классификации МКФ.\r\nУ померанского шпица мягкая набивная пушистая шерсть, короткая небольшая мордочка и пушистый лоб. Шпицы не часто линяют.", "date": "2024-05-04T14:02:10.203Z", "category": 2}}, {"model": "news.article", "pk": 103, "fields": {"name": "Кане-корсо", "text": "Кане-корсо (итал. Cane corso italiano) — порода собак, один из самых древних представителей группы молоссов.\r\nПервые упоминания о кане-корсо появились в глубокой древности.\r\nОфициальными предками породы считаются древнеримские боевые собаки, использовавшиеся в качестве травильных собак-гладиаторов.", "date": "2024-05-04T14:05:27.217Z", "category": 1}}, {"model": "news.subscriber", "pk": 5, "fields": {"user": 5, "category": 1}}, {"model": "news.subscriber", "pk": 6, "fields": {"user": 1, "category": 1}}, {"model": "news.subscriber", "pk": 7, "fields": {"user": 1, "category": 2}}, {"model": "news.subscriber", "pk": 8, "fields": {"user": 5, "category": 2}}, {"model": "sites.site", "pk": 1, "fields": {"domain": "127.0.0.1", "name": "example.com"}}, {"model": "account.emailaddress", "pk": 1, "fields": {"user": 6, "email": "xx@xx.xx", "verified": false, "primary": false}}, {"model": "account.emailaddress", "pk": 2, "fields": {"user": 6, "email": "igoroshust@yandex.ru", "verified": true, "primary": true}}, {"model": "account.emailaddress", "pk": 3, "fields": {"user": 7, "email": "aa@aa.aa", "verified": false, "primary": true}}, {"model": "account.emailaddress", "pk": 4, "fields": {"user": 8, "email": "ss@ss.ss", "verified": false, "primary": true}}, {"model": "socialaccount.socialapp", "pk": 1, "fields": {"provider": "yandex", "provider_id": "", "name": "Yandex", "client_id": "91199966591b46738c1eb57750fbcf66", "secret": "a08ddb0a99b742569fe744a638394e0b", "key": "", "settings": {}, "sites": [1]}}, {"model": "socialaccount.socialaccount", "pk": 1, "fields": {"user": 6, "provider": "yandex", "uid": "1567990805", "last_login": "2024-05-11T15:06:17.300Z", "date_joined": "2024-04-18T04:48:12.626Z", "extra_data": {"id": "1567990805", "login": "igoroshust", "client_id": "91199966591b46738c1eb57750fbcf66", "display_name": "igoroshust", "real_name": "Игорь Ошуст", "first_name": "Игорь", "last_name": "Ошуст", "sex": "male", "default_email": "igoroshust@yandex.ru", "emails": ["igoroshust@yandex.ru"], "psuid": "1.AAuhyg.9WgeN48J_HwROtNdJp0FoA.qMQbVtD17J-BqvGTbzTbZQ"}}}, {"model": "django_apscheduler.djangojob", "pk": "delete_old_job_executions", "fields": {"next_run_time": "2024-05-03T09:00:00Z", "job_state": "gAWVVgQAAAAAAAB9lCiMB3ZlcnNpb26USwGMAmlklIwZZGVsZXRlX29sZF9qb2JfZXhlY3V0aW9uc5SMBGZ1bmOUjEFuZXdzLm1hbmFnZW1lbnQuY29tbWFuZHMucnVuYXBzY2hlZHVsZXI6ZGVsZXRlX29sZF9qb2JfZXhlY3V0aW9uc5SMB3RyaWdnZXKUjBlhcHNjaGVkdWxlci50cmlnZ2Vycy5jcm9ulIwLQ3JvblRyaWdnZXKUk5QpgZR9lChoAUsCjAh0aW1lem9uZZSMCGJ1aWx0aW5zlIwHZ2V0YXR0cpSTlIwIem9uZWluZm+UjAhab25lSW5mb5STlIwJX3VucGlja2xllIaUUpSMCkFzaWEvQ2hpdGGUSwGGlFKUjApzdGFydF9kYXRllE6MCGVuZF9kYXRllE6MBmZpZWxkc5RdlCiMIGFwc2NoZWR1bGVyLnRyaWdnZXJzLmNyb24uZmllbGRzlIwJQmFzZUZpZWxklJOUKYGUfZQojARuYW1llIwEeWVhcpSMCmlzX2RlZmF1bHSUiIwLZXhwcmVzc2lvbnOUXZSMJWFwc2NoZWR1bGVyLnRyaWdnZXJzLmNyb24uZXhwcmVzc2lvbnOUjA1BbGxFeHByZXNzaW9ulJOUKYGUfZSMBHN0ZXCUTnNiYXViaB2MCk1vbnRoRmllbGSUk5QpgZR9lChoIowFbW9udGiUaCSIaCVdlGgpKYGUfZRoLE5zYmF1YmgdjA9EYXlPZk1vbnRoRmllbGSUk5QpgZR9lChoIowDZGF5lGgkiGglXZRoKSmBlH2UaCxOc2JhdWJoHYwJV2Vla0ZpZWxklJOUKYGUfZQoaCKMBHdlZWuUaCSIaCVdlGgpKYGUfZRoLE5zYmF1YmgdjA5EYXlPZldlZWtGaWVsZJSTlCmBlH2UKGgijAtkYXlfb2Zfd2Vla5RoJIloJV2UaCeMFldlZWtkYXlSYW5nZUV4cHJlc3Npb26Uk5QpgZR9lChoLE6MBWZpcnN0lEsEjARsYXN0lEsEdWJhdWJoHymBlH2UKGgijARob3VylGgkiWglXZRoJ4wPUmFuZ2VFeHByZXNzaW9ulJOUKYGUfZQoaCxOaE9LEmhQSxJ1YmF1YmgfKYGUfZQoaCKMBm1pbnV0ZZRoJIloJV2UaFYpgZR9lChoLE5oT0sAaFBLAHViYXViaB8pgZR9lChoIowGc2Vjb25klGgkiGglXZRoVimBlH2UKGgsTmhPSwBoUEsAdWJhdWJljAZqaXR0ZXKUTnVijAhleGVjdXRvcpSMB2RlZmF1bHSUjARhcmdzlCmMBmt3YXJnc5R9lGgiaAOMEm1pc2ZpcmVfZ3JhY2VfdGltZZRLAYwIY29hbGVzY2WUiIwNbWF4X2luc3RhbmNlc5RLAYwNbmV4dF9ydW5fdGltZZSMCGRhdGV0aW1llIwIZGF0ZXRpbWWUk5RDCgfoBQMSAAAAAACUaBiGlFKUdS4="}}, {"model": "django_apscheduler.djangojob", "pk": "my_job", "fields": {"next_run_time": "2024-04-28T06:57:30Z", "job_state": "gAWV0wMAAAAAAAB9lCiMB3ZlcnNpb26USwGMAmlklIwGbXlfam9ilIwEZnVuY5SMLm5ld3MubWFuYWdlbWVudC5jb21tYW5kcy5ydW5hcHNjaGVkdWxlcjpteV9qb2KUjAd0cmlnZ2VylIwZYXBzY2hlZHVsZXIudHJpZ2dlcnMuY3JvbpSMC0Nyb25UcmlnZ2VylJOUKYGUfZQoaAFLAowIdGltZXpvbmWUjAhidWlsdGluc5SMB2dldGF0dHKUk5SMCHpvbmVpbmZvlIwIWm9uZUluZm+Uk5SMCV91bnBpY2tsZZSGlFKUjApBc2lhL0NoaXRhlEsBhpRSlIwKc3RhcnRfZGF0ZZROjAhlbmRfZGF0ZZROjAZmaWVsZHOUXZQojCBhcHNjaGVkdWxlci50cmlnZ2Vycy5jcm9uLmZpZWxkc5SMCUJhc2VGaWVsZJSTlCmBlH2UKIwEbmFtZZSMBHllYXKUjAppc19kZWZhdWx0lIiMC2V4cHJlc3Npb25zlF2UjCVhcHNjaGVkdWxlci50cmlnZ2Vycy5jcm9uLmV4cHJlc3Npb25zlIwNQWxsRXhwcmVzc2lvbpSTlCmBlH2UjARzdGVwlE5zYmF1YmgdjApNb250aEZpZWxklJOUKYGUfZQoaCKMBW1vbnRolGgkiGglXZRoKSmBlH2UaCxOc2JhdWJoHYwPRGF5T2ZNb250aEZpZWxklJOUKYGUfZQoaCKMA2RheZRoJIhoJV2UaCkpgZR9lGgsTnNiYXViaB2MCVdlZWtGaWVsZJSTlCmBlH2UKGgijAR3ZWVrlGgkiGglXZRoKSmBlH2UaCxOc2JhdWJoHYwORGF5T2ZXZWVrRmllbGSUk5QpgZR9lChoIowLZGF5X29mX3dlZWuUaCSIaCVdlGgpKYGUfZRoLE5zYmF1YmgfKYGUfZQoaCKMBGhvdXKUaCSIaCVdlGgpKYGUfZRoLE5zYmF1YmgfKYGUfZQoaCKMBm1pbnV0ZZRoJIhoJV2UaCkpgZR9lGgsTnNiYXViaB8pgZR9lChoIowGc2Vjb25klGgkiWglXZRoKSmBlH2UaCxLHnNiYXViZYwGaml0dGVylE51YowIZXhlY3V0b3KUjAdkZWZhdWx0lIwEYXJnc5QpjAZrd2FyZ3OUfZRoImgDjBJtaXNmaXJlX2dyYWNlX3RpbWWUSwGMCGNvYWxlc2NllIiMDW1heF9pbnN0YW5jZXOUSwGMDW5leHRfcnVuX3RpbWWUjAhkYXRldGltZZSMCGRhdGV0aW1llJOUQwoH6AQcDzkeAAAAlGgYhpRSlHUu"}}, {"model": "django_apscheduler.djangojobexecution", "pk": 1, "fields": {"job": "my_job", "status": "Error!", "run_time": "2024-04-25T14:38:50Z", "duration": "0.05", "finished": "1714055930.05", "exception": "'Article' object has no attribute 'price'", "traceback": "  File \"C:\\Users\\Igor\\git_django\\NewsPortal\\venv\\Lib\\site-packages\\apscheduler\\executors\\base.py\", line 125, in run_job\n    retval = job.func(*job.args, **job.kwargs)\n             ^^^^^^^^^^^^^^^^^^^^^^^^^^^^^^^^^\n  File \"C:\\Users\\Igor\\git_django\\NewsPortal\\project\\news\\management\\commands\\runapscheduler.py\", line 20, in my_job\n    text = '\\n'.join(['{} - {}'.format(p.name, p.price) for p in news])\n                                               ^^^^^^^\n"}}, {"model": "django_apscheduler.djangojobexecution", "pk": 2, "fields": {"job": "my_job", "status": "Error!", "run_time": "2024-04-25T14:39:00Z", "duration": "0.04", "finished": "1714055940.04", "exception": "'Article' object has no attribute 'price'", "traceback": "  File \"C:\\Users\\Igor\\git_django\\NewsPortal\\venv\\Lib\\site-packages\\apscheduler\\executors\\base.py\", line 125, in run_job\n    retval = job.func(*job.args, **job.kwargs)\n             ^^^^^^^^^^^^^^^^^^^^^^^^^^^^^^^^^\n  File \"C:\\Users\\Igor\\git_django\\NewsPortal\\project\\news\\management\\commands\\runapscheduler.py\", line 20, in my_job\n    text = '\\n'.join(['{} - {}'.format(p.name, p.price) for p in news])\n                                               ^^^^^^^\n"}}, {"model": "django_apscheduler.djangojobexecution", "pk": 3, "fields": {"job": "my_job", "status": "Error!", "run_time": "2024-04-25T14:39:10Z", "duration": "0.05", "finished": "1714055950.05", "exception": "'Article' object has no attribute 'price'", "traceback": "  File \"C:\\Users\\Igor\\git_django\\NewsPortal\\venv\\Lib\\site-packages\\apscheduler\\executors\\base.py\", line 125, in run_job\n    retval = job.func(*job.args, **job.kwargs)\n             ^^^^^^^^^^^^^^^^^^^^^^^^^^^^^^^^^\n  File \"C:\\Users\\Igor\\git_django\\NewsPortal\\project\\news\\management\\commands\\runapscheduler.py\", line 20, in my_job\n    text = '\\n'.join(['{} - {}'.format(p.name, p.date) for p in news])\n                                               ^^^^^^^\n"}}, {"model": "django_apscheduler.djangojobexecution", "pk": 4, "fields": {"job": "my_job", "status": "Executed", "run_time": "2024-04-25T14:39:40Z", "duration": "0.10", "finished": "1714055980.10", "exception": null, "traceback": null}}, {"model": "django_apscheduler.djangojobexecution", "pk": 5, "fields": {"job": "my_job", "status": "Executed", "run_time": "2024-04-25T14:39:50Z", "duration": "0.05", "finished": "1714055990.05", "exception": null, "traceback": null}}, {"model": "django_apscheduler.djangojobexecution", "pk": 6, "fields": {"job": "my_job", "status": "Executed", "run_time": "2024-04-25T14:40:00Z", "duration": "0.07", "finished": "1714056000.07", "exception": null, "traceback": null}}, {"model": "django_apscheduler.djangojobexecution", "pk": 7, "fields": {"job": "my_job", "status": "Executed", "run_time": "2024-04-25T14:40:10Z", "duration": "0.06", "finished": "1714056010.06", "exception": null, "traceback": null}}, {"model": "django_apscheduler.djangojobexecution", "pk": 8, "fields": {"job": "my_job", "status": "Executed", "run_time": "2024-04-25T15:09:10Z", "duration": "1.86", "finished": "1714057751.86", "exception": null, "traceback": null}}, {"model": "django_apscheduler.djangojobexecution", "pk": 9, "fields": {"job": "my_job", "status": "Executed", "run_time": "2024-04-25T15:09:20Z", "duration": "1.48", "finished": "1714057761.48", "exception": null, "traceback": null}}, {"model": "django_apscheduler.djangojobexecution", "pk": 10, "fields": {"job": "my_job", "status": "Executed", "run_time": "2024-04-25T15:09:30Z", "duration": "1.44", "finished": "1714057771.44", "exception": null, "traceback": null}}, {"model": "django_apscheduler.djangojobexecution", "pk": 11, "fields": {"job": "my_job", "status": "Executed", "run_time": "2024-04-25T15:12:10Z", "duration": "0.12", "finished": "1714057930.12", "exception": null, "traceback": null}}, {"model": "django_apscheduler.djangojobexecution", "pk": 12, "fields": {"job": "my_job", "status": "Executed", "run_time": "2024-04-25T15:12:20Z", "duration": "0.06", "finished": "1714057940.06", "exception": null, "traceback": null}}, {"model": "django_apscheduler.djangojobexecution", "pk": 13, "fields": {"job": "my_job", "status": "Error!", "run_time": "2024-04-25T15:15:20Z", "duration": "0.06", "finished": "1714058120.06", "exception": "'str' object has no attribute 'get_absolute_url'", "traceback": "  File \"C:\\Users\\Igor\\git_django\\NewsPortal\\venv\\Lib\\site-packages\\apscheduler\\executors\\base.py\", line 125, in run_job\n    retval = job.func(*job.args, **job.kwargs)\n             ^^^^^^^^^^^^^^^^^^^^^^^^^^^^^^^^^\n  File \"C:\\Users\\Igor\\git_django\\NewsPortal\\project\\news\\management\\commands\\runapscheduler.py\", line 20, in my_job\n    text = '\\n'.join(['{} - {}'.format(p.name, f'http://127.0.0.1:8000{p.name.get_absolute_url()}') for p in news])\n                                                                       ^^^^^^^^^^^^^^^^^^^^^^^\n"}}, {"model": "django_apscheduler.djangojobexecution", "pk": 14, "fields": {"job": "my_job", "status": "Error!", "run_time": "2024-04-25T15:15:30Z", "duration": "0.04", "finished": "1714058130.04", "exception": "'str' object has no attribute 'get_absolute_url'", "traceback": "  File \"C:\\Users\\Igor\\git_django\\NewsPortal\\venv\\Lib\\site-packages\\apscheduler\\executors\\base.py\", line 125, in run_job\n    retval = job.func(*job.args, **job.kwargs)\n             ^^^^^^^^^^^^^^^^^^^^^^^^^^^^^^^^^\n  File \"C:\\Users\\Igor\\git_django\\NewsPortal\\project\\news\\management\\commands\\runapscheduler.py\", line 20, in my_job\n    text = '\\n'.join(['{} - {}'.format(p.name, f'http://127.0.0.1:8000{p.name.get_absolute_url()}') for p in news])\n                                                                       ^^^^^^^^^^^^^^^^^^^^^^^\n"}}, {"model": "django_apscheduler.djangojobexecution", "pk": 15, "fields": {"job": "my_job", "status": "Executed", "run_time": "2024-04-25T15:15:50Z", "duration": "0.14", "finished": "1714058150.14", "exception": null, "traceback": null}}, {"model": "django_apscheduler.djangojobexecution", "pk": 16, "fields": {"job": "my_job", "status": "Executed", "run_time": "2024-04-25T15:16:00Z", "duration": "0.05", "finished": "1714058160.05", "exception": null, "traceback": null}}, {"model": "django_apscheduler.djangojobexecution", "pk": 17, "fields": {"job": "my_job", "status": "Executed", "run_time": "2024-04-25T15:16:10Z", "duration": "0.06", "finished": "1714058170.06", "exception": null, "traceback": null}}, {"model": "django_apscheduler.djangojobexecution", "pk": 18, "fields": {"job": "my_job", "status": "Executed", "run_time": "2024-04-25T15:17:40Z", "duration": "1.71", "finished": "1714058261.71", "exception": null, "traceback": null}}, {"model": "django_apscheduler.djangojobexecution", "pk": 19, "fields": {"job": "my_job", "status": "Executed", "run_time": "2024-04-25T15:17:50Z", "duration": "1.84", "finished": "1714058271.84", "exception": null, "traceback": null}}, {"model": "django_apscheduler.djangojobexecution", "pk": 20, "fields": {"job": "my_job", "status": "Executed", "run_time": "2024-04-25T15:18:00Z", "duration": "1.54", "finished": "1714058281.54", "exception": null, "traceback": null}}, {"model": "django_apscheduler.djangojobexecution", "pk": 21, "fields": {"job": "my_job", "status": "Executed", "run_time": "2024-04-25T15:18:10Z", "duration": "1.77", "finished": "1714058291.77", "exception": null, "traceback": null}}, {"model": "django_apscheduler.djangojobexecution", "pk": 22, "fields": {"job": "my_job", "status": "Executed", "run_time": "2024-04-25T15:18:30Z", "duration": "1.71", "finished": "1714058311.71", "exception": null, "traceback": null}}, {"model": "django_apscheduler.djangojobexecution", "pk": 23, "fields": {"job": "my_job", "status": "Error!", "run_time": "2024-04-25T15:22:40Z", "duration": "0.14", "finished": "1714058560.14", "exception": "send_mail() missing 2 required positional arguments: 'from_email' and 'recipient_list'", "traceback": "  File \"C:\\Users\\Igor\\git_django\\NewsPortal\\venv\\Lib\\site-packages\\apscheduler\\executors\\base.py\", line 125, in run_job\n    retval = job.func(*job.args, **job.kwargs)\n             ^^^^^^^^^^^^^^^^^^^^^^^^^^^^^^^^^\n  File \"C:\\Users\\Igor\\git_django\\NewsPortal\\project\\news\\management\\commands\\runapscheduler.py\", line 21, in my_job\n    send_mail(\"Крутые статьи\", text)\n"}}, {"model": "django_apscheduler.djangojobexecution", "pk": 24, "fields": {"job": "my_job", "status": "Executed", "run_time": "2024-04-25T15:25:10Z", "duration": "1.74", "finished": "1714058711.74", "exception": null, "traceback": null}}, {"model": "django_apscheduler.djangojobexecution", "pk": 25, "fields": {"job": "my_job", "status": "Executed", "run_time": "2024-04-25T15:25:20Z", "duration": "1.58", "finished": "1714058721.58", "exception": null, "traceback": null}}, {"model": "django_apscheduler.djangojobexecution", "pk": 26, "fields": {"job": "my_job", "status": "Executed", "run_time": "2024-04-25T15:25:30Z", "duration": "2.00", "finished": "1714058732.00", "exception": null, "traceback": null}}, {"model": "django_apscheduler.djangojobexecution", "pk": 27, "fields": {"job": "my_job", "status": "Executed", "run_time": "2024-04-25T15:27:20Z", "duration": "1.80", "finished": "1714058841.80", "exception": null, "traceback": null}}, {"model": "django_apscheduler.djangojobexecution", "pk": 28, "fields": {"job": "my_job", "status": "Executed", "run_time": "2024-04-25T15:27:30Z", "duration": "1.54", "finished": "1714058851.54", "exception": null, "traceback": null}}, {"model": "django_apscheduler.djangojobexecution", "pk": 29, "fields": {"job": "my_job", "status": "Executed", "run_time": "2024-04-25T15:27:50Z", "duration": "1.74", "finished": "1714058871.74", "exception": null, "traceback": null}}, {"model": "django_apscheduler.djangojobexecution", "pk": 30, "fields": {"job": "my_job", "status": "Executed", "run_time": "2024-04-25T15:28:00Z", "duration": "1.54", "finished": "1714058881.54", "exception": null, "traceback": null}}, {"model": "django_apscheduler.djangojobexecution", "pk": 31, "fields": {"job": "my_job", "status": "Executed", "run_time": "2024-04-25T15:28:10Z", "duration": "1.76", "finished": "1714058891.76", "exception": null, "traceback": null}}, {"model": "django_apscheduler.djangojobexecution", "pk": 32, "fields": {"job": "my_job", "status": "Executed", "run_time": "2024-04-27T06:29:30Z", "duration": "0.12", "finished": "1714199370.12", "exception": null, "traceback": null}}, {"model": "django_apscheduler.djangojobexecution", "pk": 33, "fields": {"job": "my_job", "status": "Executed", "run_time": "2024-04-27T06:29:40Z", "duration": "0.06", "finished": "1714199380.06", "exception": null, "traceback": null}}, {"model": "django_apscheduler.djangojobexecution", "pk": 34, "fields": {"job": "my_job", "status": "Executed", "run_time": "2024-04-27T06:30:30Z", "duration": "1.91", "finished": "1714199431.91", "exception": null, "traceback": null}}, {"model": "django_apscheduler.djangojobexecution", "pk": 35, "fields": {"job": "my_job", "status": "Executed", "run_time": "2024-04-27T06:43:00Z", "duration": "1.60", "finished": "1714200181.60", "exception": null, "traceback": null}}, {"model": "django_apscheduler.djangojobexecution", "pk": 36, "fields": {"job": "my_job", "status": "Executed", "run_time": "2024-04-27T06:43:10Z", "duration": "1.55", "finished": "1714200191.55", "exception": null, "traceback": null}}, {"model": "django_apscheduler.djangojobexecution", "pk": 37, "fields": {"job": "my_job", "status": "Error!", "run_time": "2024-04-27T07:28:30Z", "duration": "0.09", "finished": "1714202910.09", "exception": "Cannot resolve keyword 'created_at' into field. Choices are: articlecategory, category, category_id, date, id, name, text", "traceback": "  File \"C:\\Users\\Igor\\git_django\\NewsPortal\\venv\\Lib\\site-packages\\apscheduler\\executors\\base.py\", line 125, in run_job\n    retval = job.func(*job.args, **job.kwargs)\n             ^^^^^^^^^^^^^^^^^^^^^^^^^^^^^^^^^\n  File \"C:\\Users\\Igor\\git_django\\NewsPortal\\project\\news\\management\\commands\\runapscheduler.py\", line 24, in my_job\n    articles = Article.objects.filter(created_at__gte=last_week)\n               ^^^^^^^^^^^^^^^^^^^^^^^^^^^^^^^^^^^^^^^^^^^^^^^^^\n  File \"C:\\Users\\Igor\\git_django\\NewsPortal\\venv\\Lib\\site-packages\\django\\db\\models\\manager.py\", line 87, in manager_method\n    return getattr(self.get_queryset(), name)(*args, **kwargs)\n           ^^^^^^^^^^^^^^^^^^^^^^^^^^^^^^^^^^^^^^^^^^^^^^^^^^^\n  File \"C:\\Users\\Igor\\git_django\\NewsPortal\\venv\\Lib\\site-packages\\django\\db\\models\\query.py\", line 1476, in filter\n    return self._filter_or_exclude(False, args, kwargs)\n           ^^^^^^^^^^^^^^^^^^^^^^^^^^^^^^^^^^^^^^^^^^^^\n  File \"C:\\Users\\Igor\\git_django\\NewsPortal\\venv\\Lib\\site-packages\\django\\db\\models\\query.py\", line 1494, in _filter_or_exclude\n    clone._filter_or_exclude_inplace(negate, args, kwargs)\n  File \"C:\\Users\\Igor\\git_django\\NewsPortal\\venv\\Lib\\site-packages\\django\\db\\models\\query.py\", line 1501, in _filter_or_exclude_inplace\n    self._query.add_q(Q(*args, **kwargs))\n  File \"C:\\Users\\Igor\\git_django\\NewsPortal\\venv\\Lib\\site-packages\\django\\db\\models\\sql\\query.py\", line 1613, in add_q\n    clause, _ = self._add_q(q_object, self.used_aliases)\n                ^^^^^^^^^^^^^^^^^^^^^^^^^^^^^^^^^^^^^^^^\n  File \"C:\\Users\\Igor\\git_django\\NewsPortal\\venv\\Lib\\site-packages\\django\\db\\models\\sql\\query.py\", line 1645, in _add_q\n    child_clause, needed_inner = self.build_filter(\n                                 ^^^^^^^^^^^^^^^^^^\n  File \"C:\\Users\\Igor\\git_django\\NewsPortal\\venv\\Lib\\site-packages\\django\\db\\models\\sql\\query.py\", line 1495, in build_filter\n    lookups, parts, reffed_expression = self.solve_lookup_type(arg, summarize)\n                                        ^^^^^^^^^^^^^^^^^^^^^^^^^^^^^^^^^^^^^^\n  File \"C:\\Users\\Igor\\git_django\\NewsPortal\\venv\\Lib\\site-packages\\django\\db\\models\\sql\\query.py\", line 1307, in solve_lookup_type\n    _, field, _, lookup_parts = self.names_to_path(lookup_splitted, self.get_meta())\n                                ^^^^^^^^^^^^^^^^^^^^^^^^^^^^^^^^^^^^^^^^^^^^^^^^^^^^\n  File \"C:\\Users\\Igor\\git_django\\NewsPortal\\venv\\Lib\\site-packages\\django\\db\\models\\sql\\query.py\", line 1772, in names_to_path\n    raise FieldError(\n"}}, {"model": "django_apscheduler.djangojobexecution", "pk": 38, "fields": {"job": "my_job", "status": "Error!", "run_time": "2024-04-27T07:33:00Z", "duration": "0.53", "finished": "1714203180.53", "exception": "Could not parse the remainder: '()' from 'article.get_absolute_url()'", "traceback": "  File \"C:\\Users\\Igor\\git_django\\NewsPortal\\venv\\Lib\\site-packages\\apscheduler\\executors\\base.py\", line 125, in run_job\n    retval = job.func(*job.args, **job.kwargs)\n             ^^^^^^^^^^^^^^^^^^^^^^^^^^^^^^^^^\n  File \"C:\\Users\\Igor\\git_django\\NewsPortal\\project\\news\\management\\commands\\runapscheduler.py\", line 28, in my_job\n    html_content = render_to_string(\n                   ^^^^^^^^^^^^^^^^^\n  File \"C:\\Users\\Igor\\git_django\\NewsPortal\\venv\\Lib\\site-packages\\django\\template\\loader.py\", line 61, in render_to_string\n    template = get_template(template_name, using=using)\n               ^^^^^^^^^^^^^^^^^^^^^^^^^^^^^^^^^^^^^^^^\n  File \"C:\\Users\\Igor\\git_django\\NewsPortal\\venv\\Lib\\site-packages\\django\\template\\loader.py\", line 15, in get_template\n    return engine.get_template(template_name)\n           ^^^^^^^^^^^^^^^^^^^^^^^^^^^^^^^^^^\n  File \"C:\\Users\\Igor\\git_django\\NewsPortal\\venv\\Lib\\site-packages\\django\\template\\backends\\django.py\", line 33, in get_template\n    return Template(self.engine.get_template(template_name), self)\n                    ^^^^^^^^^^^^^^^^^^^^^^^^^^^^^^^^^^^^^^^\n  File \"C:\\Users\\Igor\\git_django\\NewsPortal\\venv\\Lib\\site-packages\\django\\template\\engine.py\", line 177, in get_template\n    template, origin = self.find_template(template_name)\n                       ^^^^^^^^^^^^^^^^^^^^^^^^^^^^^^^^^\n  File \"C:\\Users\\Igor\\git_django\\NewsPortal\\venv\\Lib\\site-packages\\django\\template\\engine.py\", line 159, in find_template\n    template = loader.get_template(name, skip=skip)\n               ^^^^^^^^^^^^^^^^^^^^^^^^^^^^^^^^^^^^\n  File \"C:\\Users\\Igor\\git_django\\NewsPortal\\venv\\Lib\\site-packages\\django\\template\\loaders\\cached.py\", line 57, in get_template\n    template = super().get_template(template_name, skip)\n               ^^^^^^^^^^^^^^^^^^^^^^^^^^^^^^^^^^^^^^^^^\n  File \"C:\\Users\\Igor\\git_django\\NewsPortal\\venv\\Lib\\site-packages\\django\\template\\loaders\\base.py\", line 28, in get_template\n    return Template(\n           ^^^^^^^^^\n  File \"C:\\Users\\Igor\\git_django\\NewsPortal\\venv\\Lib\\site-packages\\django\\template\\base.py\", line 154, in __init__\n    self.nodelist = self.compile_nodelist()\n                    ^^^^^^^^^^^^^^^^^^^^^^^\n  File \"C:\\Users\\Igor\\git_django\\NewsPortal\\venv\\Lib\\site-packages\\django\\template\\base.py\", line 196, in compile_nodelist\n    return parser.parse()\n           ^^^^^^^^^^^^^^\n  File \"C:\\Users\\Igor\\git_django\\NewsPortal\\venv\\Lib\\site-packages\\django\\template\\base.py\", line 510, in parse\n    raise self.error(token, e)\n  File \"C:\\Users\\Igor\\git_django\\NewsPortal\\venv\\Lib\\site-packages\\django\\template\\base.py\", line 508, in parse\n    compiled_result = compile_func(self, token)\n                      ^^^^^^^^^^^^^^^^^^^^^^^^^\n  File \"C:\\Users\\Igor\\git_django\\NewsPortal\\venv\\Lib\\site-packages\\django\\template\\defaulttags.py\", line 861, in do_for\n    nodelist_loop = parser.parse(\n                    ^^^^^^^^^^^^^\n  File \"C:\\Users\\Igor\\git_django\\NewsPortal\\venv\\Lib\\site-packages\\django\\template\\base.py\", line 481, in parse\n    raise self.error(token, e)\n  File \"C:\\Users\\Igor\\git_django\\NewsPortal\\venv\\Lib\\site-packages\\django\\template\\base.py\", line 479, in parse\n    filter_expression = self.compile_filter(token.contents)\n                        ^^^^^^^^^^^^^^^^^^^^^^^^^^^^^^^^^^^\n  File \"C:\\Users\\Igor\\git_django\\NewsPortal\\venv\\Lib\\site-packages\\django\\template\\base.py\", line 597, in compile_filter\n    return FilterExpression(token, self)\n           ^^^^^^^^^^^^^^^^^^^^^^^^^^^^^\n  File \"C:\\Users\\Igor\\git_django\\NewsPortal\\venv\\Lib\\site-packages\\django\\template\\base.py\", line 698, in __init__\n    raise TemplateSyntaxError(\n"}}, {"model": "django_apscheduler.djangojobexecution", "pk": 39, "fields": {"job": "my_job", "status": "Executed", "run_time": "2024-04-27T07:35:00Z", "duration": "0.21", "finished": "1714203300.21", "exception": null, "traceback": null}}, {"model": "django_apscheduler.djangojobexecution", "pk": 40, "fields": {"job": "my_job", "status": "Executed", "run_time": "2024-04-27T07:35:10Z", "duration": "0.07", "finished": "1714203310.07", "exception": null, "traceback": null}}, {"model": "django_apscheduler.djangojobexecution", "pk": 41, "fields": {"job": "my_job", "status": "Error!", "run_time": "2024-04-27T07:39:40Z", "duration": "1.42", "finished": "1714203581.42", "exception": "not enough values to unpack (expected 2, got 1)", "traceback": "  File \"C:\\Users\\Igor\\git_django\\NewsPortal\\venv\\Lib\\site-packages\\apscheduler\\executors\\base.py\", line 125, in run_job\n    retval = job.func(*job.args, **job.kwargs)\n             ^^^^^^^^^^^^^^^^^^^^^^^^^^^^^^^^^\n  File \"C:\\Users\\Igor\\git_django\\NewsPortal\\project\\news\\management\\commands\\runapscheduler.py\", line 43, in my_job\n    msg.send()\n  File \"C:\\Users\\Igor\\git_django\\NewsPortal\\venv\\Lib\\site-packages\\django\\core\\mail\\message.py\", line 300, in send\n    return self.get_connection(fail_silently).send_messages([self])\n           ^^^^^^^^^^^^^^^^^^^^^^^^^^^^^^^^^^^^^^^^^^^^^^^^^^^^^^^^\n  File \"C:\\Users\\Igor\\git_django\\NewsPortal\\venv\\Lib\\site-packages\\django\\core\\mail\\backends\\smtp.py\", line 136, in send_messages\n    sent = self._send(message)\n           ^^^^^^^^^^^^^^^^^^^\n  File \"C:\\Users\\Igor\\git_django\\NewsPortal\\venv\\Lib\\site-packages\\django\\core\\mail\\backends\\smtp.py\", line 151, in _send\n    sanitize_address(addr, encoding) for addr in email_message.recipients()\n    ^^^^^^^^^^^^^^^^^^^^^^^^^^^^^^^^\n  File \"C:\\Users\\Igor\\git_django\\NewsPortal\\venv\\Lib\\site-packages\\django\\core\\mail\\message.py\", line 99, in sanitize_address\n    nm, address = addr\n    ^^^^^^^^^^^\n"}}, {"model": "django_apscheduler.djangojobexecution", "pk": 42, "fields": {"job": "my_job", "status": "Error!", "run_time": "2024-04-27T07:39:50Z", "duration": "0.89", "finished": "1714203590.89", "exception": "not enough values to unpack (expected 2, got 1)", "traceback": "  File \"C:\\Users\\Igor\\git_django\\NewsPortal\\venv\\Lib\\site-packages\\apscheduler\\executors\\base.py\", line 125, in run_job\n    retval = job.func(*job.args, **job.kwargs)\n             ^^^^^^^^^^^^^^^^^^^^^^^^^^^^^^^^^\n  File \"C:\\Users\\Igor\\git_django\\NewsPortal\\project\\news\\management\\commands\\runapscheduler.py\", line 43, in my_job\n    msg.send()\n  File \"C:\\Users\\Igor\\git_django\\NewsPortal\\venv\\Lib\\site-packages\\django\\core\\mail\\message.py\", line 300, in send\n    return self.get_connection(fail_silently).send_messages([self])\n           ^^^^^^^^^^^^^^^^^^^^^^^^^^^^^^^^^^^^^^^^^^^^^^^^^^^^^^^^\n  File \"C:\\Users\\Igor\\git_django\\NewsPortal\\venv\\Lib\\site-packages\\django\\core\\mail\\backends\\smtp.py\", line 136, in send_messages\n    sent = self._send(message)\n           ^^^^^^^^^^^^^^^^^^^\n  File \"C:\\Users\\Igor\\git_django\\NewsPortal\\venv\\Lib\\site-packages\\django\\core\\mail\\backends\\smtp.py\", line 151, in _send\n    sanitize_address(addr, encoding) for addr in email_message.recipients()\n    ^^^^^^^^^^^^^^^^^^^^^^^^^^^^^^^^\n  File \"C:\\Users\\Igor\\git_django\\NewsPortal\\venv\\Lib\\site-packages\\django\\core\\mail\\message.py\", line 99, in sanitize_address\n    nm, address = addr\n    ^^^^^^^^^^^\n"}}, {"model": "django_apscheduler.djangojobexecution", "pk": 43, "fields": {"job": "my_job", "status": "Executed", "run_time": "2024-04-27T07:47:50Z", "duration": "0.09", "finished": "1714204070.09", "exception": null, "traceback": null}}, {"model": "django_apscheduler.djangojobexecution", "pk": 44, "fields": {"job": "my_job", "status": "Executed", "run_time": "2024-04-27T07:48:00Z", "duration": "0.47", "finished": "1714204080.47", "exception": null, "traceback": null}}, {"model": "django_apscheduler.djangojobexecution", "pk": 45, "fields": {"job": "my_job", "status": "Executed", "run_time": "2024-04-27T07:48:10Z", "duration": "0.12", "finished": "1714204090.12", "exception": null, "traceback": null}}, {"model": "django_apscheduler.djangojobexecution", "pk": 46, "fields": {"job": "my_job", "status": "Executed", "run_time": "2024-04-27T07:48:20Z", "duration": "0.05", "finished": "1714204100.05", "exception": null, "traceback": null}}, {"model": "django_apscheduler.djangojobexecution", "pk": 47, "fields": {"job": "my_job", "status": "Executed", "run_time": "2024-04-27T07:48:30Z", "duration": "0.06", "finished": "1714204110.06", "exception": null, "traceback": null}}, {"model": "django_apscheduler.djangojobexecution", "pk": 48, "fields": {"job": "my_job", "status": "Error!", "run_time": "2024-04-27T07:49:50Z", "duration": "0.04", "finished": "1714204190.04", "exception": "Cannot resolve keyword 'created_at' into field. Choices are: articlecategory, category, category_id, date, id, name, text", "traceback": "  File \"C:\\Users\\Igor\\git_django\\NewsPortal\\venv\\Lib\\site-packages\\apscheduler\\executors\\base.py\", line 125, in run_job\n    retval = job.func(*job.args, **job.kwargs)\n             ^^^^^^^^^^^^^^^^^^^^^^^^^^^^^^^^^\n  File \"C:\\Users\\Igor\\git_django\\NewsPortal\\project\\news\\management\\commands\\runapscheduler.py\", line 24, in my_job\n    articles = Article.objects.filter(created_at__gte=last_week)\n               ^^^^^^^^^^^^^^^^^^^^^^^^^^^^^^^^^^^^^^^^^^^^^^^^^\n  File \"C:\\Users\\Igor\\git_django\\NewsPortal\\venv\\Lib\\site-packages\\django\\db\\models\\manager.py\", line 87, in manager_method\n    return getattr(self.get_queryset(), name)(*args, **kwargs)\n           ^^^^^^^^^^^^^^^^^^^^^^^^^^^^^^^^^^^^^^^^^^^^^^^^^^^\n  File \"C:\\Users\\Igor\\git_django\\NewsPortal\\venv\\Lib\\site-packages\\django\\db\\models\\query.py\", line 1476, in filter\n    return self._filter_or_exclude(False, args, kwargs)\n           ^^^^^^^^^^^^^^^^^^^^^^^^^^^^^^^^^^^^^^^^^^^^\n  File \"C:\\Users\\Igor\\git_django\\NewsPortal\\venv\\Lib\\site-packages\\django\\db\\models\\query.py\", line 1494, in _filter_or_exclude\n    clone._filter_or_exclude_inplace(negate, args, kwargs)\n  File \"C:\\Users\\Igor\\git_django\\NewsPortal\\venv\\Lib\\site-packages\\django\\db\\models\\query.py\", line 1501, in _filter_or_exclude_inplace\n    self._query.add_q(Q(*args, **kwargs))\n  File \"C:\\Users\\Igor\\git_django\\NewsPortal\\venv\\Lib\\site-packages\\django\\db\\models\\sql\\query.py\", line 1613, in add_q\n    clause, _ = self._add_q(q_object, self.used_aliases)\n                ^^^^^^^^^^^^^^^^^^^^^^^^^^^^^^^^^^^^^^^^\n  File \"C:\\Users\\Igor\\git_django\\NewsPortal\\venv\\Lib\\site-packages\\django\\db\\models\\sql\\query.py\", line 1645, in _add_q\n    child_clause, needed_inner = self.build_filter(\n                                 ^^^^^^^^^^^^^^^^^^\n  File \"C:\\Users\\Igor\\git_django\\NewsPortal\\venv\\Lib\\site-packages\\django\\db\\models\\sql\\query.py\", line 1495, in build_filter\n    lookups, parts, reffed_expression = self.solve_lookup_type(arg, summarize)\n                                        ^^^^^^^^^^^^^^^^^^^^^^^^^^^^^^^^^^^^^^\n  File \"C:\\Users\\Igor\\git_django\\NewsPortal\\venv\\Lib\\site-packages\\django\\db\\models\\sql\\query.py\", line 1307, in solve_lookup_type\n    _, field, _, lookup_parts = self.names_to_path(lookup_splitted, self.get_meta())\n                                ^^^^^^^^^^^^^^^^^^^^^^^^^^^^^^^^^^^^^^^^^^^^^^^^^^^^\n  File \"C:\\Users\\Igor\\git_django\\NewsPortal\\venv\\Lib\\site-packages\\django\\db\\models\\sql\\query.py\", line 1772, in names_to_path\n    raise FieldError(\n"}}, {"model": "django_apscheduler.djangojobexecution", "pk": 49, "fields": {"job": "my_job", "status": "Executed", "run_time": "2024-04-27T07:55:30Z", "duration": "0.10", "finished": "1714204530.10", "exception": null, "traceback": null}}, {"model": "django_apscheduler.djangojobexecution", "pk": 50, "fields": {"job": "my_job", "status": "Executed", "run_time": "2024-04-27T08:01:10Z", "duration": "0.09", "finished": "1714204870.09", "exception": null, "traceback": null}}, {"model": "django_apscheduler.djangojobexecution", "pk": 51, "fields": {"job": "my_job", "status": "Executed", "run_time": "2024-04-27T08:01:20Z", "duration": "0.06", "finished": "1714204880.06", "exception": null, "traceback": null}}, {"model": "django_apscheduler.djangojobexecution", "pk": 52, "fields": {"job": "delete_old_job_executions", "status": "Executed", "run_time": "2024-04-27T08:09:58Z", "duration": "0.07", "finished": "1714205398.07", "exception": null, "traceback": null}}, {"model": "django_apscheduler.djangojobexecution", "pk": 53, "fields": {"job": "delete_old_job_executions", "status": "Executed", "run_time": "2024-04-27T08:09:59Z", "duration": "0.06", "finished": "1714205399.06", "exception": null, "traceback": null}}, {"model": "django_apscheduler.djangojobexecution", "pk": 54, "fields": {"job": "my_job", "status": "Executed", "run_time": "2024-04-27T08:10:00Z", "duration": "0.14", "finished": "1714205400.14", "exception": null, "traceback": null}}, {"model": "django_apscheduler.djangojobexecution", "pk": 55, "fields": {"job": "delete_old_job_executions", "status": "Executed", "run_time": "2024-04-27T08:10:00Z", "duration": "0.15", "finished": "1714205400.15", "exception": null, "traceback": null}}, {"model": "django_apscheduler.djangojobexecution", "pk": 56, "fields": {"job": "delete_old_job_executions", "status": "Executed", "run_time": "2024-04-27T08:10:01Z", "duration": "0.07", "finished": "1714205401.07", "exception": null, "traceback": null}}, {"model": "django_apscheduler.djangojobexecution", "pk": 57, "fields": {"job": "delete_old_job_executions", "status": "Executed", "run_time": "2024-04-27T08:10:02Z", "duration": "0.06", "finished": "1714205402.06", "exception": null, "traceback": null}}, {"model": "django_apscheduler.djangojobexecution", "pk": 58, "fields": {"job": "delete_old_job_executions", "status": "Executed", "run_time": "2024-04-27T08:10:03Z", "duration": "0.06", "finished": "1714205403.06", "exception": null, "traceback": null}}, {"model": "django_apscheduler.djangojobexecution", "pk": 59, "fields": {"job": "delete_old_job_executions", "status": "Executed", "run_time": "2024-04-27T08:10:04Z", "duration": "0.06", "finished": "1714205404.06", "exception": null, "traceback": null}}, {"model": "django_apscheduler.djangojobexecution", "pk": 60, "fields": {"job": "delete_old_job_executions", "status": "Executed", "run_time": "2024-04-27T08:10:05Z", "duration": "0.07", "finished": "1714205405.07", "exception": null, "traceback": null}}, {"model": "django_apscheduler.djangojobexecution", "pk": 61, "fields": {"job": "delete_old_job_executions", "status": "Executed", "run_time": "2024-04-27T08:10:06Z", "duration": "0.07", "finished": "1714205406.07", "exception": null, "traceback": null}}, {"model": "django_apscheduler.djangojobexecution", "pk": 62, "fields": {"job": "delete_old_job_executions", "status": "Executed", "run_time": "2024-04-27T08:10:07Z", "duration": "0.07", "finished": "1714205407.07", "exception": null, "traceback": null}}, {"model": "django_apscheduler.djangojobexecution", "pk": 63, "fields": {"job": "delete_old_job_executions", "status": "Executed", "run_time": "2024-04-27T08:10:08Z", "duration": "0.06", "finished": "1714205408.06", "exception": null, "traceback": null}}, {"model": "django_apscheduler.djangojobexecution", "pk": 64, "fields": {"job": "delete_old_job_executions", "status": "Executed", "run_time": "2024-04-27T08:10:09Z", "duration": "0.07", "finished": "1714205409.07", "exception": null, "traceback": null}}, {"model": "django_apscheduler.djangojobexecution", "pk": 65, "fields": {"job": "my_job", "status": "Executed", "run_time": "2024-04-27T08:10:10Z", "duration": "0.10", "finished": "1714205410.10", "exception": null, "traceback": null}}, {"model": "django_apscheduler.djangojobexecution", "pk": 66, "fields": {"job": "delete_old_job_executions", "status": "Executed", "run_time": "2024-04-27T08:10:10Z", "duration": "0.11", "finished": "1714205410.11", "exception": null, "traceback": null}}, {"model": "django_apscheduler.djangojobexecution", "pk": 67, "fields": {"job": "delete_old_job_executions", "status": "Executed", "run_time": "2024-04-27T08:10:11Z", "duration": "0.08", "finished": "1714205411.08", "exception": null, "traceback": null}}, {"model": "django_apscheduler.djangojobexecution", "pk": 68, "fields": {"job": "delete_old_job_executions", "status": "Executed", "run_time": "2024-04-27T08:10:12Z", "duration": "0.06", "finished": "1714205412.06", "exception": null, "traceback": null}}, {"model": "django_apscheduler.djangojobexecution", "pk": 69, "fields": {"job": "delete_old_job_executions", "status": "Executed", "run_time": "2024-04-27T08:10:13Z", "duration": "0.06", "finished": "1714205413.06", "exception": null, "traceback": null}}, {"model": "django_apscheduler.djangojobexecution", "pk": 70, "fields": {"job": "delete_old_job_executions", "status": "Executed", "run_time": "2024-04-27T08:10:14Z", "duration": "0.05", "finished": "1714205414.05", "exception": null, "traceback": null}}, {"model": "django_apscheduler.djangojobexecution", "pk": 71, "fields": {"job": "delete_old_job_executions", "status": "Executed", "run_time": "2024-04-27T08:10:26Z", "duration": "0.07", "finished": "1714205426.07", "exception": null, "traceback": null}}, {"model": "django_apscheduler.djangojobexecution", "pk": 72, "fields": {"job": "delete_old_job_executions", "status": "Executed", "run_time": "2024-04-27T08:10:27Z", "duration": "0.07", "finished": "1714205427.07", "exception": null, "traceback": null}}, {"model": "django_apscheduler.djangojobexecution", "pk": 73, "fields": {"job": "delete_old_job_executions", "status": "Executed", "run_time": "2024-04-27T08:10:28Z", "duration": "0.06", "finished": "1714205428.06", "exception": null, "traceback": null}}, {"model": "django_apscheduler.djangojobexecution", "pk": 74, "fields": {"job": "delete_old_job_executions", "status": "Executed", "run_time": "2024-04-27T08:10:29Z", "duration": "0.06", "finished": "1714205429.06", "exception": null, "traceback": null}}, {"model": "django_apscheduler.djangojobexecution", "pk": 75, "fields": {"job": "my_job", "status": "Executed", "run_time": "2024-04-27T08:10:30Z", "duration": "0.10", "finished": "1714205430.10", "exception": null, "traceback": null}}, {"model": "django_apscheduler.djangojobexecution", "pk": 76, "fields": {"job": "delete_old_job_executions", "status": "Executed", "run_time": "2024-04-27T08:10:30Z", "duration": "0.13", "finished": "1714205430.13", "exception": null, "traceback": null}}, {"model": "django_apscheduler.djangojobexecution", "pk": 77, "fields": {"job": "delete_old_job_executions", "status": "Executed", "run_time": "2024-04-27T08:10:31Z", "duration": "0.07", "finished": "1714205431.07", "exception": null, "traceback": null}}, {"model": "django_apscheduler.djangojobexecution", "pk": 78, "fields": {"job": "delete_old_job_executions", "status": "Executed", "run_time": "2024-04-27T08:10:32Z", "duration": "0.03", "finished": "1714205432.03", "exception": null, "traceback": null}}, {"model": "django_apscheduler.djangojobexecution", "pk": 79, "fields": {"job": "delete_old_job_executions", "status": "Executed", "run_time": "2024-04-27T08:10:33Z", "duration": "0.07", "finished": "1714205433.07", "exception": null, "traceback": null}}, {"model": "django_apscheduler.djangojobexecution", "pk": 80, "fields": {"job": "delete_old_job_executions", "status": "Executed", "run_time": "2024-04-27T08:10:34Z", "duration": "0.04", "finished": "1714205434.04", "exception": null, "traceback": null}}, {"model": "django_apscheduler.djangojobexecution", "pk": 81, "fields": {"job": "delete_old_job_executions", "status": "Executed", "run_time": "2024-04-27T08:10:35Z", "duration": "0.08", "finished": "1714205435.08", "exception": null, "traceback": null}}, {"model": "django_apscheduler.djangojobexecution", "pk": 82, "fields": {"job": "delete_old_job_executions", "status": "Executed", "run_time": "2024-04-27T08:10:36Z", "duration": "0.22", "finished": "1714205436.22", "exception": null, "traceback": null}}, {"model": "django_apscheduler.djangojobexecution", "pk": 83, "fields": {"job": "delete_old_job_executions", "status": "Executed", "run_time": "2024-04-27T08:10:37Z", "duration": "0.12", "finished": "1714205437.12", "exception": null, "traceback": null}}, {"model": "django_apscheduler.djangojobexecution", "pk": 84, "fields": {"job": "delete_old_job_executions", "status": "Executed", "run_time": "2024-04-27T08:10:38Z", "duration": "0.07", "finished": "1714205438.07", "exception": null, "traceback": null}}, {"model": "django_apscheduler.djangojobexecution", "pk": 85, "fields": {"job": "delete_old_job_executions", "status": "Executed", "run_time": "2024-04-27T08:10:39Z", "duration": "0.04", "finished": "1714205439.04", "exception": null, "traceback": null}}, {"model": "django_apscheduler.djangojobexecution", "pk": 86, "fields": {"job": "my_job", "status": "Executed", "run_time": "2024-04-27T08:10:40Z", "duration": "0.10", "finished": "1714205440.10", "exception": null, "traceback": null}}, {"model": "django_apscheduler.djangojobexecution", "pk": 87, "fields": {"job": "delete_old_job_executions", "status": "Executed", "run_time": "2024-04-27T08:10:40Z", "duration": "0.08", "finished": "1714205440.08", "exception": null, "traceback": null}}, {"model": "django_apscheduler.djangojobexecution", "pk": 88, "fields": {"job": "delete_old_job_executions", "status": "Executed", "run_time": "2024-04-27T08:10:41Z", "duration": "0.06", "finished": "1714205441.06", "exception": null, "traceback": null}}, {"model": "django_apscheduler.djangojobexecution", "pk": 89, "fields": {"job": "delete_old_job_executions", "status": "Executed", "run_time": "2024-04-27T08:10:42Z", "duration": "0.05", "finished": "1714205442.05", "exception": null, "traceback": null}}, {"model": "django_apscheduler.djangojobexecution", "pk": 90, "fields": {"job": "delete_old_job_executions", "status": "Executed", "run_time": "2024-04-27T08:10:43Z", "duration": "0.05", "finished": "1714205443.05", "exception": null, "traceback": null}}, {"model": "django_apscheduler.djangojobexecution", "pk": 91, "fields": {"job": "delete_old_job_executions", "status": "Executed", "run_time": "2024-04-27T08:10:44Z", "duration": "0.08", "finished": "1714205444.08", "exception": null, "traceback": null}}, {"model": "django_apscheduler.djangojobexecution", "pk": 92, "fields": {"job": "delete_old_job_executions", "status": "Executed", "run_time": "2024-04-27T08:10:45Z", "duration": "0.21", "finished": "1714205445.21", "exception": null, "traceback": null}}, {"model": "django_apscheduler.djangojobexecution", "pk": 93, "fields": {"job": "delete_old_job_executions", "status": "Executed", "run_time": "2024-04-27T08:10:46Z", "duration": "1.05", "finished": "1714205447.05", "exception": null, "traceback": null}}, {"model": "django_apscheduler.djangojobexecution", "pk": 94, "fields": {"job": "delete_old_job_executions", "status": "Max instances!", "run_time": "2024-04-27T08:10:47Z", "duration": "0.15", "finished": "1714205447.15", "exception": "Execution of job 'delete_old_job_executions' skipped: maximum number of running instances reached!", "traceback": null}}, {"model": "django_apscheduler.djangojobexecution", "pk": 95, "fields": {"job": "delete_old_job_executions", "status": "Executed", "run_time": "2024-04-27T08:10:48Z", "duration": "0.04", "finished": "1714205448.04", "exception": null, "traceback": null}}, {"model": "django_apscheduler.djangojobexecution", "pk": 96, "fields": {"job": "delete_old_job_executions", "status": "Executed", "run_time": "2024-04-27T08:10:49Z", "duration": "0.04", "finished": "1714205449.04", "exception": null, "traceback": null}}, {"model": "django_apscheduler.djangojobexecution", "pk": 97, "fields": {"job": "my_job", "status": "Executed", "run_time": "2024-04-27T08:10:50Z", "duration": "0.08", "finished": "1714205450.08", "exception": null, "traceback": null}}, {"model": "django_apscheduler.djangojobexecution", "pk": 98, "fields": {"job": "delete_old_job_executions", "status": "Executed", "run_time": "2024-04-27T08:10:50Z", "duration": "0.07", "finished": "1714205450.07", "exception": null, "traceback": null}}, {"model": "django_apscheduler.djangojobexecution", "pk": 99, "fields": {"job": "delete_old_job_executions", "status": "Executed", "run_time": "2024-04-27T08:10:51Z", "duration": "0.06", "finished": "1714205451.06", "exception": null, "traceback": null}}, {"model": "django_apscheduler.djangojobexecution", "pk": 100, "fields": {"job": "delete_old_job_executions", "status": "Executed", "run_time": "2024-04-27T08:10:52Z", "duration": "0.05", "finished": "1714205452.05", "exception": null, "traceback": null}}, {"model": "django_apscheduler.djangojobexecution", "pk": 101, "fields": {"job": "delete_old_job_executions", "status": "Executed", "run_time": "2024-04-27T08:10:53Z", "duration": "0.04", "finished": "1714205453.04", "exception": null, "traceback": null}}, {"model": "django_apscheduler.djangojobexecution", "pk": 102, "fields": {"job": "delete_old_job_executions", "status": "Executed", "run_time": "2024-04-27T08:10:54Z", "duration": "0.04", "finished": "1714205454.04", "exception": null, "traceback": null}}, {"model": "django_apscheduler.djangojobexecution", "pk": 103, "fields": {"job": "delete_old_job_executions", "status": "Executed", "run_time": "2024-04-27T08:10:55Z", "duration": "0.06", "finished": "1714205455.06", "exception": null, "traceback": null}}, {"model": "django_apscheduler.djangojobexecution", "pk": 104, "fields": {"job": "delete_old_job_executions", "status": "Executed", "run_time": "2024-04-27T08:10:56Z", "duration": "0.06", "finished": "1714205456.06", "exception": null, "traceback": null}}, {"model": "django_apscheduler.djangojobexecution", "pk": 105, "fields": {"job": "delete_old_job_executions", "status": "Executed", "run_time": "2024-04-27T08:10:57Z", "duration": "0.05", "finished": "1714205457.05", "exception": null, "traceback": null}}, {"model": "django_apscheduler.djangojobexecution", "pk": 106, "fields": {"job": "delete_old_job_executions", "status": "Executed", "run_time": "2024-04-27T08:10:58Z", "duration": "0.06", "finished": "1714205458.06", "exception": null, "traceback": null}}, {"model": "django_apscheduler.djangojobexecution", "pk": 107, "fields": {"job": "delete_old_job_executions", "status": "Executed", "run_time": "2024-04-27T08:10:59Z", "duration": "0.07", "finished": "1714205459.07", "exception": null, "traceback": null}}, {"model": "django_apscheduler.djangojobexecution", "pk": 108, "fields": {"job": "my_job", "status": "Executed", "run_time": "2024-04-27T08:11:00Z", "duration": "0.25", "finished": "1714205460.25", "exception": null, "traceback": null}}, {"model": "django_apscheduler.djangojobexecution", "pk": 109, "fields": {"job": "delete_old_job_executions", "status": "Executed", "run_time": "2024-04-27T08:11:00Z", "duration": "0.26", "finished": "1714205460.26", "exception": null, "traceback": null}}, {"model": "django_apscheduler.djangojobexecution", "pk": 110, "fields": {"job": "delete_old_job_executions", "status": "Executed", "run_time": "2024-04-27T08:11:01Z", "duration": "0.06", "finished": "1714205461.06", "exception": null, "traceback": null}}, {"model": "django_apscheduler.djangojobexecution", "pk": 111, "fields": {"job": "delete_old_job_executions", "status": "Executed", "run_time": "2024-04-27T08:11:02Z", "duration": "0.07", "finished": "1714205462.07", "exception": null, "traceback": null}}, {"model": "django_apscheduler.djangojobexecution", "pk": 112, "fields": {"job": "delete_old_job_executions", "status": "Executed", "run_time": "2024-04-27T08:11:03Z", "duration": "0.05", "finished": "1714205463.05", "exception": null, "traceback": null}}, {"model": "django_apscheduler.djangojobexecution", "pk": 113, "fields": {"job": "delete_old_job_executions", "status": "Executed", "run_time": "2024-04-27T08:11:04Z", "duration": "0.06", "finished": "1714205464.06", "exception": null, "traceback": null}}, {"model": "django_apscheduler.djangojobexecution", "pk": 114, "fields": {"job": "delete_old_job_executions", "status": "Executed", "run_time": "2024-04-27T08:11:05Z", "duration": "0.08", "finished": "1714205465.08", "exception": null, "traceback": null}}, {"model": "django_apscheduler.djangojobexecution", "pk": 115, "fields": {"job": "delete_old_job_executions", "status": "Executed", "run_time": "2024-04-27T08:11:06Z", "duration": "0.08", "finished": "1714205466.08", "exception": null, "traceback": null}}, {"model": "django_apscheduler.djangojobexecution", "pk": 116, "fields": {"job": "delete_old_job_executions", "status": "Executed", "run_time": "2024-04-27T08:11:07Z", "duration": "0.07", "finished": "1714205467.07", "exception": null, "traceback": null}}, {"model": "django_apscheduler.djangojobexecution", "pk": 117, "fields": {"job": "delete_old_job_executions", "status": "Executed", "run_time": "2024-04-27T08:11:08Z", "duration": "0.07", "finished": "1714205468.07", "exception": null, "traceback": null}}, {"model": "django_apscheduler.djangojobexecution", "pk": 118, "fields": {"job": "delete_old_job_executions", "status": "Executed", "run_time": "2024-04-27T08:11:09Z", "duration": "0.04", "finished": "1714205469.04", "exception": null, "traceback": null}}, {"model": "django_apscheduler.djangojobexecution", "pk": 119, "fields": {"job": "my_job", "status": "Executed", "run_time": "2024-04-27T08:11:10Z", "duration": "0.10", "finished": "1714205470.10", "exception": null, "traceback": null}}, {"model": "django_apscheduler.djangojobexecution", "pk": 120, "fields": {"job": "delete_old_job_executions", "status": "Executed", "run_time": "2024-04-27T08:11:10Z", "duration": "0.18", "finished": "1714205470.18", "exception": null, "traceback": null}}, {"model": "django_apscheduler.djangojobexecution", "pk": 121, "fields": {"job": "delete_old_job_executions", "status": "Executed", "run_time": "2024-04-27T08:11:11Z", "duration": "0.04", "finished": "1714205471.04", "exception": null, "traceback": null}}, {"model": "django_apscheduler.djangojobexecution", "pk": 122, "fields": {"job": "my_job", "status": "Executed", "run_time": "2024-04-27T08:21:10Z", "duration": "0.06", "finished": "1714206070.06", "exception": null, "traceback": null}}, {"model": "django_apscheduler.djangojobexecution", "pk": 123, "fields": {"job": "my_job", "status": "Executed", "run_time": "2024-04-27T08:21:20Z", "duration": "0.02", "finished": "1714206080.02", "exception": null, "traceback": null}}, {"model": "django_apscheduler.djangojobexecution", "pk": 124, "fields": {"job": "my_job", "status": "Executed", "run_time": "2024-04-27T08:21:30Z", "duration": "0.06", "finished": "1714206090.06", "exception": null, "traceback": null}}, {"model": "django_apscheduler.djangojobexecution", "pk": 125, "fields": {"job": "my_job", "status": "Executed", "run_time": "2024-04-27T08:21:40Z", "duration": "0.07", "finished": "1714206100.07", "exception": null, "traceback": null}}, {"model": "django_apscheduler.djangojobexecution", "pk": 126, "fields": {"job": "my_job", "status": "Executed", "run_time": "2024-04-27T08:21:50Z", "duration": "0.04", "finished": "1714206110.04", "exception": null, "traceback": null}}, {"model": "django_apscheduler.djangojobexecution", "pk": 127, "fields": {"job": "my_job", "status": "Executed", "run_time": "2024-04-27T08:22:00Z", "duration": "0.06", "finished": "1714206120.06", "exception": null, "traceback": null}}, {"model": "django_apscheduler.djangojobexecution", "pk": 128, "fields": {"job": "delete_old_job_executions", "status": "Executed", "run_time": "2024-04-27T08:22:00Z", "duration": "0.12", "finished": "1714206120.12", "exception": null, "traceback": null}}, {"model": "django_apscheduler.djangojobexecution", "pk": 129, "fields": {"job": "my_job", "status": "Executed", "run_time": "2024-04-27T08:22:10Z", "duration": "0.08", "finished": "1714206130.08", "exception": null, "traceback": null}}, {"model": "django_apscheduler.djangojobexecution", "pk": 130, "fields": {"job": "my_job", "status": "Executed", "run_time": "2024-04-27T08:22:20Z", "duration": "0.06", "finished": "1714206140.06", "exception": null, "traceback": null}}, {"model": "django_apscheduler.djangojobexecution", "pk": 131, "fields": {"job": "my_job", "status": "Executed", "run_time": "2024-04-27T08:23:30Z", "duration": "0.09", "finished": "1714206210.09", "exception": null, "traceback": null}}, {"model": "django_apscheduler.djangojobexecution", "pk": 132, "fields": {"job": "my_job", "status": "Executed", "run_time": "2024-04-27T08:23:40Z", "duration": "0.07", "finished": "1714206220.07", "exception": null, "traceback": null}}, {"model": "django_apscheduler.djangojobexecution", "pk": 133, "fields": {"job": "my_job", "status": "Executed", "run_time": "2024-04-27T08:23:50Z", "duration": "0.06", "finished": "1714206230.06", "exception": null, "traceback": null}}, {"model": "django_apscheduler.djangojobexecution", "pk": 134, "fields": {"job": "my_job", "status": "Executed", "run_time": "2024-04-27T08:24:00Z", "duration": "0.06", "finished": "1714206240.06", "exception": null, "traceback": null}}, {"model": "django_apscheduler.djangojobexecution", "pk": 135, "fields": {"job": "my_job", "status": "Executed", "run_time": "2024-04-27T08:29:10Z", "duration": "0.09", "finished": "1714206550.09", "exception": null, "traceback": null}}, {"model": "django_apscheduler.djangojobexecution", "pk": 136, "fields": {"job": "my_job", "status": "Executed", "run_time": "2024-04-27T08:29:40Z", "duration": "0.07", "finished": "1714206580.07", "exception": null, "traceback": null}}, {"model": "django_apscheduler.djangojobexecution", "pk": 137, "fields": {"job": "my_job", "status": "Executed", "run_time": "2024-04-27T08:29:50Z", "duration": "0.05", "finished": "1714206590.05", "exception": null, "traceback": null}}, {"model": "django_apscheduler.djangojobexecution", "pk": 138, "fields": {"job": "my_job", "status": "Executed", "run_time": "2024-04-27T08:30:00Z", "duration": "0.05", "finished": "1714206600.05", "exception": null, "traceback": null}}, {"model": "django_apscheduler.djangojobexecution", "pk": 139, "fields": {"job": "delete_old_job_executions", "status": "Executed", "run_time": "2024-04-27T08:30:00Z", "duration": "0.10", "finished": "1714206600.10", "exception": null, "traceback": null}}, {"model": "django_apscheduler.djangojobexecution", "pk": 140, "fields": {"job": "my_job", "status": "Executed", "run_time": "2024-04-27T08:30:10Z", "duration": "0.06", "finished": "1714206610.06", "exception": null, "traceback": null}}, {"model": "django_apscheduler.djangojobexecution", "pk": 141, "fields": {"job": "my_job", "status": "Executed", "run_time": "2024-04-27T08:30:20Z", "duration": "0.05", "finished": "1714206620.05", "exception": null, "traceback": null}}, {"model": "django_apscheduler.djangojobexecution", "pk": 142, "fields": {"job": "my_job", "status": "Executed", "run_time": "2024-04-27T08:30:30Z", "duration": "0.07", "finished": "1714206630.07", "exception": null, "traceback": null}}, {"model": "django_apscheduler.djangojobexecution", "pk": 143, "fields": {"job": "my_job", "status": "Executed", "run_time": "2024-04-27T08:30:40Z", "duration": "0.04", "finished": "1714206640.04", "exception": null, "traceback": null}}, {"model": "django_apscheduler.djangojobexecution", "pk": 144, "fields": {"job": "my_job", "status": "Executed", "run_time": "2024-04-27T08:30:50Z", "duration": "0.06", "finished": "1714206650.06", "exception": null, "traceback": null}}, {"model": "django_apscheduler.djangojobexecution", "pk": 145, "fields": {"job": "my_job", "status": "Executed", "run_time": "2024-04-27T08:31:00Z", "duration": "0.07", "finished": "1714206660.07", "exception": null, "traceback": null}}, {"model": "django_apscheduler.djangojobexecution", "pk": 146, "fields": {"job": "my_job", "status": "Executed", "run_time": "2024-04-27T08:31:10Z", "duration": "0.08", "finished": "1714206670.08", "exception": null, "traceback": null}}, {"model": "django_apscheduler.djangojobexecution", "pk": 147, "fields": {"job": "my_job", "status": "Executed", "run_time": "2024-04-27T08:31:20Z", "duration": "0.07", "finished": "1714206680.07", "exception": null, "traceback": null}}, {"model": "django_apscheduler.djangojobexecution", "pk": 148, "fields": {"job": "my_job", "status": "Executed", "run_time": "2024-04-27T08:31:30Z", "duration": "0.07", "finished": "1714206690.07", "exception": null, "traceback": null}}, {"model": "django_apscheduler.djangojobexecution", "pk": 149, "fields": {"job": "my_job", "status": "Executed", "run_time": "2024-04-27T08:31:40Z", "duration": "0.06", "finished": "1714206700.06", "exception": null, "traceback": null}}, {"model": "django_apscheduler.djangojobexecution", "pk": 150, "fields": {"job": "my_job", "status": "Executed", "run_time": "2024-04-27T08:31:50Z", "duration": "0.08", "finished": "1714206710.08", "exception": null, "traceback": null}}, {"model": "django_apscheduler.djangojobexecution", "pk": 151, "fields": {"job": "my_job", "status": "Executed", "run_time": "2024-04-27T08:32:30Z", "duration": "0.08", "finished": "1714206750.08", "exception": null, "traceback": null}}, {"model": "django_apscheduler.djangojobexecution", "pk": 152, "fields": {"job": "my_job", "status": "Executed", "run_time": "2024-04-27T08:32:40Z", "duration": "0.07", "finished": "1714206760.07", "exception": null, "traceback": null}}, {"model": "django_apscheduler.djangojobexecution", "pk": 153, "fields": {"job": "my_job", "status": "Executed", "run_time": "2024-04-27T08:32:50Z", "duration": "0.05", "finished": "1714206770.05", "exception": null, "traceback": null}}, {"model": "django_apscheduler.djangojobexecution", "pk": 154, "fields": {"job": "my_job", "status": "Executed", "run_time": "2024-04-27T08:33:00Z", "duration": "0.23", "finished": "1714206780.23", "exception": null, "traceback": null}}, {"model": "django_apscheduler.djangojobexecution", "pk": 155, "fields": {"job": "delete_old_job_executions", "status": "Executed", "run_time": "2024-04-27T08:33:00Z", "duration": "0.33", "finished": "1714206780.33", "exception": null, "traceback": null}}, {"model": "django_apscheduler.djangojobexecution", "pk": 156, "fields": {"job": "my_job", "status": "Executed", "run_time": "2024-04-27T08:33:10Z", "duration": "0.07", "finished": "1714206790.07", "exception": null, "traceback": null}}, {"model": "django_apscheduler.djangojobexecution", "pk": 157, "fields": {"job": "my_job", "status": "Executed", "run_time": "2024-04-27T08:33:20Z", "duration": "0.08", "finished": "1714206800.08", "exception": null, "traceback": null}}, {"model": "django_apscheduler.djangojobexecution", "pk": 158, "fields": {"job": "my_job", "status": "Executed", "run_time": "2024-04-27T08:33:30Z", "duration": "0.06", "finished": "1714206810.06", "exception": null, "traceback": null}}, {"model": "django_apscheduler.djangojobexecution", "pk": 159, "fields": {"job": "my_job", "status": "Executed", "run_time": "2024-04-27T08:35:30Z", "duration": "0.10", "finished": "1714206930.10", "exception": null, "traceback": null}}, {"model": "django_apscheduler.djangojobexecution", "pk": 160, "fields": {"job": "my_job", "status": "Executed", "run_time": "2024-04-27T08:35:40Z", "duration": "0.07", "finished": "1714206940.07", "exception": null, "traceback": null}}, {"model": "django_apscheduler.djangojobexecution", "pk": 161, "fields": {"job": "my_job", "status": "Executed", "run_time": "2024-04-27T08:35:50Z", "duration": "0.05", "finished": "1714206950.05", "exception": null, "traceback": null}}, {"model": "django_apscheduler.djangojobexecution", "pk": 162, "fields": {"job": "my_job", "status": "Executed", "run_time": "2024-04-27T08:36:10Z", "duration": "0.06", "finished": "1714206970.06", "exception": null, "traceback": null}}, {"model": "django_apscheduler.djangojobexecution", "pk": 163, "fields": {"job": "my_job", "status": "Executed", "run_time": "2024-04-27T08:36:20Z", "duration": "0.06", "finished": "1714206980.06", "exception": null, "traceback": null}}, {"model": "django_apscheduler.djangojobexecution", "pk": 164, "fields": {"job": "my_job", "status": "Executed", "run_time": "2024-04-27T08:36:30Z", "duration": "0.06", "finished": "1714206990.06", "exception": null, "traceback": null}}, {"model": "django_apscheduler.djangojobexecution", "pk": 165, "fields": {"job": "my_job", "status": "Executed", "run_time": "2024-04-27T08:36:40Z", "duration": "0.06", "finished": "1714207000.06", "exception": null, "traceback": null}}, {"model": "django_apscheduler.djangojobexecution", "pk": 166, "fields": {"job": "my_job", "status": "Executed", "run_time": "2024-04-27T08:36:50Z", "duration": "0.06", "finished": "1714207010.06", "exception": null, "traceback": null}}, {"model": "django_apscheduler.djangojobexecution", "pk": 167, "fields": {"job": "my_job", "status": "Executed", "run_time": "2024-04-27T08:37:00Z", "duration": "0.05", "finished": "1714207020.05", "exception": null, "traceback": null}}, {"model": "django_apscheduler.djangojobexecution", "pk": 168, "fields": {"job": "my_job", "status": "Executed", "run_time": "2024-04-27T09:12:40Z", "duration": "0.09", "finished": "1714209160.09", "exception": null, "traceback": null}}, {"model": "django_apscheduler.djangojobexecution", "pk": 169, "fields": {"job": "my_job", "status": "Executed", "run_time": "2024-04-27T09:12:50Z", "duration": "0.05", "finished": "1714209170.05", "exception": null, "traceback": null}}, {"model": "django_apscheduler.djangojobexecution", "pk": 170, "fields": {"job": "my_job", "status": "Executed", "run_time": "2024-04-27T09:13:00Z", "duration": "0.02", "finished": "1714209180.02", "exception": null, "traceback": null}}, {"model": "django_apscheduler.djangojobexecution", "pk": 171, "fields": {"job": "delete_old_job_executions", "status": "Executed", "run_time": "2024-04-27T09:13:00Z", "duration": "0.22", "finished": "1714209180.22", "exception": null, "traceback": null}}, {"model": "django_apscheduler.djangojobexecution", "pk": 172, "fields": {"job": "my_job", "status": "Executed", "run_time": "2024-04-27T09:19:00Z", "duration": "0.24", "finished": "1714209540.24", "exception": null, "traceback": null}}, {"model": "django_apscheduler.djangojobexecution", "pk": 173, "fields": {"job": "my_job", "status": "Executed", "run_time": "2024-04-27T09:19:10Z", "duration": "0.08", "finished": "1714209550.08", "exception": null, "traceback": null}}, {"model": "django_apscheduler.djangojobexecution", "pk": 174, "fields": {"job": "my_job", "status": "Executed", "run_time": "2024-04-27T09:19:20Z", "duration": "0.06", "finished": "1714209560.06", "exception": null, "traceback": null}}, {"model": "django_apscheduler.djangojobexecution", "pk": 175, "fields": {"job": "my_job", "status": "Executed", "run_time": "2024-04-27T09:19:30Z", "duration": "0.07", "finished": "1714209570.07", "exception": null, "traceback": null}}, {"model": "django_apscheduler.djangojobexecution", "pk": 176, "fields": {"job": "my_job", "status": "Executed", "run_time": "2024-04-27T09:19:40Z", "duration": "0.17", "finished": "1714209580.17", "exception": null, "traceback": null}}, {"model": "django_apscheduler.djangojobexecution", "pk": 177, "fields": {"job": "my_job", "status": "Executed", "run_time": "2024-04-27T09:19:50Z", "duration": "0.03", "finished": "1714209590.03", "exception": null, "traceback": null}}, {"model": "django_apscheduler.djangojobexecution", "pk": 178, "fields": {"job": "my_job", "status": "Executed", "run_time": "2024-04-27T09:20:00Z", "duration": "0.64", "finished": "1714209600.64", "exception": null, "traceback": null}}, {"model": "django_apscheduler.djangojobexecution", "pk": 179, "fields": {"job": "my_job", "status": "Executed", "run_time": "2024-04-27T09:20:10Z", "duration": "0.05", "finished": "1714209610.05", "exception": null, "traceback": null}}, {"model": "django_apscheduler.djangojobexecution", "pk": 180, "fields": {"job": "my_job", "status": "Executed", "run_time": "2024-04-27T13:40:50Z", "duration": "0.01", "finished": "1714225250.01", "exception": null, "traceback": null}}, {"model": "django_apscheduler.djangojobexecution", "pk": 181, "fields": {"job": "my_job", "status": "Executed", "run_time": "2024-04-27T13:41:00Z", "duration": "0.04", "finished": "1714225260.04", "exception": null, "traceback": null}}, {"model": "django_apscheduler.djangojobexecution", "pk": 182, "fields": {"job": "my_job", "status": "Executed", "run_time": "2024-04-27T14:39:00Z", "duration": "0.13", "finished": "1714228740.13", "exception": null, "traceback": null}}, {"model": "django_apscheduler.djangojobexecution", "pk": 183, "fields": {"job": "my_job", "status": "Executed", "run_time": "2024-04-28T05:16:30Z", "duration": "1.71", "finished": "1714281391.71", "exception": null, "traceback": null}}, {"model": "django_apscheduler.djangojobexecution", "pk": 184, "fields": {"job": "my_job", "status": "Executed", "run_time": "2024-04-28T05:16:40Z", "duration": "1.77", "finished": "1714281401.77", "exception": null, "traceback": null}}, {"model": "django_apscheduler.djangojobexecution", "pk": 185, "fields": {"job": "my_job", "status": "Executed", "run_time": "2024-04-28T05:16:50Z", "duration": "1.73", "finished": "1714281411.73", "exception": null, "traceback": null}}, {"model": "django_apscheduler.djangojobexecution", "pk": 186, "fields": {"job": "my_job", "status": "Executed", "run_time": "2024-04-28T05:22:40Z", "duration": "1.73", "finished": "1714281761.73", "exception": null, "traceback": null}}, {"model": "django_apscheduler.djangojobexecution", "pk": 187, "fields": {"job": "my_job", "status": "Executed", "run_time": "2024-04-28T05:22:50Z", "duration": "1.79", "finished": "1714281771.79", "exception": null, "traceback": null}}, {"model": "django_apscheduler.djangojobexecution", "pk": 188, "fields": {"job": "my_job", "status": "Executed", "run_time": "2024-04-28T05:25:00Z", "duration": "1.86", "finished": "1714281901.86", "exception": null, "traceback": null}}, {"model": "django_apscheduler.djangojobexecution", "pk": 189, "fields": {"job": "my_job", "status": "Executed", "run_time": "2024-04-28T05:25:10Z", "duration": "1.52", "finished": "1714281911.52", "exception": null, "traceback": null}}, {"model": "django_apscheduler.djangojobexecution", "pk": 190, "fields": {"job": "my_job", "status": "Executed", "run_time": "2024-04-28T05:33:10Z", "duration": "1.87", "finished": "1714282391.87", "exception": null, "traceback": null}}, {"model": "django_apscheduler.djangojobexecution", "pk": 191, "fields": {"job": "my_job", "status": "Executed", "run_time": "2024-04-28T05:33:20Z", "duration": "1.64", "finished": "1714282401.64", "exception": null, "traceback": null}}, {"model": "django_apscheduler.djangojobexecution", "pk": 192, "fields": {"job": "my_job", "status": "Executed", "run_time": "2024-04-28T05:41:30Z", "duration": "1.63", "finished": "1714282891.63", "exception": null, "traceback": null}}, {"model": "django_apscheduler.djangojobexecution", "pk": 193, "fields": {"job": "my_job", "status": "Executed", "run_time": "2024-04-28T05:41:40Z", "duration": "1.62", "finished": "1714282901.62", "exception": null, "traceback": null}}, {"model": "django_apscheduler.djangojobexecution", "pk": 194, "fields": {"job": "my_job", "status": "Executed", "run_time": "2024-04-28T05:54:30Z", "duration": "1.54", "finished": "1714283671.54", "exception": null, "traceback": null}}, {"model": "django_apscheduler.djangojobexecution", "pk": 195, "fields": {"job": "my_job", "status": "Executed", "run_time": "2024-04-28T05:54:40Z", "duration": "1.64", "finished": "1714283681.64", "exception": null, "traceback": null}}, {"model": "django_apscheduler.djangojobexecution", "pk": 196, "fields": {"job": "my_job", "status": "Executed", "run_time": "2024-04-28T06:02:20Z", "duration": "1.76", "finished": "1714284141.76", "exception": null, "traceback": null}}, {"model": "django_apscheduler.djangojobexecution", "pk": 197, "fields": {"job": "my_job", "status": "Executed", "run_time": "2024-04-28T06:02:30Z", "duration": "1.59", "finished": "1714284151.59", "exception": null, "traceback": null}}, {"model": "django_apscheduler.djangojobexecution", "pk": 198, "fields": {"job": "my_job", "status": "Executed", "run_time": "2024-04-28T06:02:40Z", "duration": "1.62", "finished": "1714284161.62", "exception": null, "traceback": null}}, {"model": "django_apscheduler.djangojobexecution", "pk": 199, "fields": {"job": "my_job", "status": "Executed", "run_time": "2024-04-28T06:02:50Z", "duration": "2.41", "finished": "1714284172.41", "exception": null, "traceback": null}}, {"model": "django_apscheduler.djangojobexecution", "pk": 200, "fields": {"job": "my_job", "status": "Executed", "run_time": "2024-04-28T06:04:30Z", "duration": "1.71", "finished": "1714284271.71", "exception": null, "traceback": null}}, {"model": "django_apscheduler.djangojobexecution", "pk": 201, "fields": {"job": "my_job", "status": "Executed", "run_time": "2024-04-28T06:05:00Z", "duration": "1.59", "finished": "1714284301.59", "exception": null, "traceback": null}}, {"model": "django_apscheduler.djangojobexecution", "pk": 202, "fields": {"job": "my_job", "status": "Executed", "run_time": "2024-04-28T06:05:30Z", "duration": "1.81", "finished": "1714284331.81", "exception": null, "traceback": null}}, {"model": "django_apscheduler.djangojobexecution", "pk": 203, "fields": {"job": "my_job", "status": "Executed", "run_time": "2024-04-28T06:06:00Z", "duration": "1.59", "finished": "1714284361.59", "exception": null, "traceback": null}}, {"model": "django_apscheduler.djangojobexecution", "pk": 204, "fields": {"job": "my_job", "status": "Executed", "run_time": "2024-04-28T06:06:47Z", "duration": "1.88", "finished": "1714284408.88", "exception": null, "traceback": null}}, {"model": "django_apscheduler.djangojobexecution", "pk": 205, "fields": {"job": "my_job", "status": "Max instances!", "run_time": "2024-04-28T06:06:48Z", "duration": "0.03", "finished": "1714284408.03", "exception": "Execution of job 'my_job' skipped: maximum number of running instances reached!", "traceback": null}}, {"model": "django_apscheduler.djangojobexecution", "pk": 206, "fields": {"job": "my_job", "status": "Executed", "run_time": "2024-04-28T06:06:49Z", "duration": "1.87", "finished": "1714284410.87", "exception": null, "traceback": null}}, {"model": "django_apscheduler.djangojobexecution", "pk": 207, "fields": {"job": "my_job", "status": "Max instances!", "run_time": "2024-04-28T06:06:50Z", "duration": "0.04", "finished": "1714284410.04", "exception": "Execution of job 'my_job' skipped: maximum number of running instances reached!", "traceback": null}}, {"model": "django_apscheduler.djangojobexecution", "pk": 208, "fields": {"job": "my_job", "status": "Executed", "run_time": "2024-04-28T06:06:51Z", "duration": "1.58", "finished": "1714284412.58", "exception": null, "traceback": null}}, {"model": "django_apscheduler.djangojobexecution", "pk": 209, "fields": {"job": "my_job", "status": "Max instances!", "run_time": "2024-04-28T06:06:52Z", "duration": "0.10", "finished": "1714284412.10", "exception": "Execution of job 'my_job' skipped: maximum number of running instances reached!", "traceback": null}}, {"model": "django_apscheduler.djangojobexecution", "pk": 210, "fields": {"job": "my_job", "status": "Executed", "run_time": "2024-04-28T06:06:53Z", "duration": "1.58", "finished": "1714284414.58", "exception": null, "traceback": null}}, {"model": "django_apscheduler.djangojobexecution", "pk": 211, "fields": {"job": "my_job", "status": "Max instances!", "run_time": "2024-04-28T06:06:54Z", "duration": "0.03", "finished": "1714284414.03", "exception": "Execution of job 'my_job' skipped: maximum number of running instances reached!", "traceback": null}}, {"model": "django_apscheduler.djangojobexecution", "pk": 212, "fields": {"job": "my_job", "status": "Executed", "run_time": "2024-04-28T06:06:55Z", "duration": "1.78", "finished": "1714284416.78", "exception": null, "traceback": null}}, {"model": "django_apscheduler.djangojobexecution", "pk": 213, "fields": {"job": "my_job", "status": "Max instances!", "run_time": "2024-04-28T06:06:56Z", "duration": "0.05", "finished": "1714284416.05", "exception": "Execution of job 'my_job' skipped: maximum number of running instances reached!", "traceback": null}}, {"model": "django_apscheduler.djangojobexecution", "pk": 214, "fields": {"job": "my_job", "status": "Executed", "run_time": "2024-04-28T06:06:57Z", "duration": "1.83", "finished": "1714284418.83", "exception": null, "traceback": null}}, {"model": "django_apscheduler.djangojobexecution", "pk": 215, "fields": {"job": "my_job", "status": "Max instances!", "run_time": "2024-04-28T06:06:58Z", "duration": "0.25", "finished": "1714284418.25", "exception": "Execution of job 'my_job' skipped: maximum number of running instances reached!", "traceback": null}}, {"model": "django_apscheduler.djangojobexecution", "pk": 216, "fields": {"job": "my_job", "status": "Executed", "run_time": "2024-04-28T06:06:59Z", "duration": "2.15", "finished": "1714284421.15", "exception": null, "traceback": null}}, {"model": "django_apscheduler.djangojobexecution", "pk": 217, "fields": {"job": "my_job", "status": "Max instances!", "run_time": "2024-04-28T06:07:00Z", "duration": "0.30", "finished": "1714284420.30", "exception": "Execution of job 'my_job' skipped: maximum number of running instances reached!", "traceback": null}}, {"model": "django_apscheduler.djangojobexecution", "pk": 218, "fields": {"job": "delete_old_job_executions", "status": "Executed", "run_time": "2024-04-28T06:07:00Z", "duration": "0.33", "finished": "1714284420.33", "exception": null, "traceback": null}}, {"model": "django_apscheduler.djangojobexecution", "pk": 219, "fields": {"job": "my_job", "status": "Max instances!", "run_time": "2024-04-28T06:07:01Z", "duration": "0.02", "finished": "1714284421.02", "exception": "Execution of job 'my_job' skipped: maximum number of running instances reached!", "traceback": null}}, {"model": "django_apscheduler.djangojobexecution", "pk": 220, "fields": {"job": "my_job", "status": "Executed", "run_time": "2024-04-28T06:07:02Z", "duration": "2.13", "finished": "1714284424.13", "exception": null, "traceback": null}}, {"model": "django_apscheduler.djangojobexecution", "pk": 221, "fields": {"job": "my_job", "status": "Executed", "run_time": "2024-04-28T06:07:30Z", "duration": "1.64", "finished": "1714284451.64", "exception": null, "traceback": null}}, {"model": "django_apscheduler.djangojobexecution", "pk": 222, "fields": {"job": "my_job", "status": "Max instances!", "run_time": "2024-04-28T06:07:31Z", "duration": "0.04", "finished": "1714284451.04", "exception": "Execution of job 'my_job' skipped: maximum number of running instances reached!", "traceback": null}}, {"model": "django_apscheduler.djangojobexecution", "pk": 223, "fields": {"job": "my_job", "status": "Executed", "run_time": "2024-04-28T06:07:32Z", "duration": "1.56", "finished": "1714284453.56", "exception": null, "traceback": null}}, {"model": "django_apscheduler.djangojobexecution", "pk": 224, "fields": {"job": "my_job", "status": "Max instances!", "run_time": "2024-04-28T06:07:33Z", "duration": "0.02", "finished": "1714284453.02", "exception": "Execution of job 'my_job' skipped: maximum number of running instances reached!", "traceback": null}}, {"model": "django_apscheduler.djangojobexecution", "pk": 225, "fields": {"job": "my_job", "status": "Executed", "run_time": "2024-04-28T06:07:34Z", "duration": "1.55", "finished": "1714284455.55", "exception": null, "traceback": null}}, {"model": "django_apscheduler.djangojobexecution", "pk": 226, "fields": {"job": "my_job", "status": "Max instances!", "run_time": "2024-04-28T06:07:35Z", "duration": "0.03", "finished": "1714284455.03", "exception": "Execution of job 'my_job' skipped: maximum number of running instances reached!", "traceback": null}}, {"model": "django_apscheduler.djangojobexecution", "pk": 227, "fields": {"job": "my_job", "status": "Executed", "run_time": "2024-04-28T06:07:36Z", "duration": "1.94", "finished": "1714284457.94", "exception": null, "traceback": null}}, {"model": "django_apscheduler.djangojobexecution", "pk": 228, "fields": {"job": "my_job", "status": "Max instances!", "run_time": "2024-04-28T06:07:37Z", "duration": "0.03", "finished": "1714284457.03", "exception": "Execution of job 'my_job' skipped: maximum number of running instances reached!", "traceback": null}}, {"model": "django_apscheduler.djangojobexecution", "pk": 229, "fields": {"job": "my_job", "status": "Executed", "run_time": "2024-04-28T06:07:38Z", "duration": "1.72", "finished": "1714284459.72", "exception": null, "traceback": null}}, {"model": "django_apscheduler.djangojobexecution", "pk": 230, "fields": {"job": "my_job", "status": "Max instances!", "run_time": "2024-04-28T06:07:39Z", "duration": "0.03", "finished": "1714284459.03", "exception": "Execution of job 'my_job' skipped: maximum number of running instances reached!", "traceback": null}}, {"model": "django_apscheduler.djangojobexecution", "pk": 231, "fields": {"job": "my_job", "status": "Executed", "run_time": "2024-04-28T06:07:40Z", "duration": "1.64", "finished": "1714284461.64", "exception": null, "traceback": null}}, {"model": "django_apscheduler.djangojobexecution", "pk": 232, "fields": {"job": "my_job", "status": "Max instances!", "run_time": "2024-04-28T06:07:41Z", "duration": "0.04", "finished": "1714284461.04", "exception": "Execution of job 'my_job' skipped: maximum number of running instances reached!", "traceback": null}}, {"model": "django_apscheduler.djangojobexecution", "pk": 233, "fields": {"job": "my_job", "status": "Executed", "run_time": "2024-04-28T06:07:42Z", "duration": "1.58", "finished": "1714284463.58", "exception": null, "traceback": null}}, {"model": "django_apscheduler.djangojobexecution", "pk": 234, "fields": {"job": "my_job", "status": "Max instances!", "run_time": "2024-04-28T06:07:43Z", "duration": "0.03", "finished": "1714284463.03", "exception": "Execution of job 'my_job' skipped: maximum number of running instances reached!", "traceback": null}}, {"model": "django_apscheduler.djangojobexecution", "pk": 235, "fields": {"job": "my_job", "status": "Executed", "run_time": "2024-04-28T06:07:44Z", "duration": "1.41", "finished": "1714284465.41", "exception": null, "traceback": null}}, {"model": "django_apscheduler.djangojobexecution", "pk": 236, "fields": {"job": "my_job", "status": "Executed", "run_time": "2024-04-28T06:11:00Z", "duration": "0.13", "finished": "1714284660.13", "exception": null, "traceback": null}}, {"model": "django_apscheduler.djangojobexecution", "pk": 237, "fields": {"job": "delete_old_job_executions", "status": "Executed", "run_time": "2024-04-28T06:11:00Z", "duration": "0.11", "finished": "1714284660.11", "exception": null, "traceback": null}}, {"model": "django_apscheduler.djangojobexecution", "pk": 238, "fields": {"job": "my_job", "status": "Executed", "run_time": "2024-04-28T06:11:30Z", "duration": "0.07", "finished": "1714284690.07", "exception": null, "traceback": null}}, {"model": "django_apscheduler.djangojobexecution", "pk": 239, "fields": {"job": "my_job", "status": "Executed", "run_time": "2024-04-28T06:12:00Z", "duration": "0.04", "finished": "1714284720.04", "exception": null, "traceback": null}}, {"model": "django_apscheduler.djangojobexecution", "pk": 240, "fields": {"job": "my_job", "status": "Executed", "run_time": "2024-04-28T06:12:30Z", "duration": "0.06", "finished": "1714284750.06", "exception": null, "traceback": null}}, {"model": "django_apscheduler.djangojobexecution", "pk": 241, "fields": {"job": "my_job", "status": "Executed", "run_time": "2024-04-28T06:13:00Z", "duration": "0.05", "finished": "1714284780.05", "exception": null, "traceback": null}}, {"model": "django_apscheduler.djangojobexecution", "pk": 242, "fields": {"job": "my_job", "status": "Executed", "run_time": "2024-04-28T06:54:00Z", "duration": "0.11", "finished": "1714287240.11", "exception": null, "traceback": null}}, {"model": "django_apscheduler.djangojobexecution", "pk": 243, "fields": {"job": "my_job", "status": "Executed", "run_time": "2024-04-28T06:54:30Z", "duration": "0.05", "finished": "1714287270.05", "exception": null, "traceback": null}}, {"model": "django_apscheduler.djangojobexecution", "pk": 244, "fields": {"job": "my_job", "status": "Executed", "run_time": "2024-04-28T06:56:00Z", "duration": "1.94", "finished": "1714287361.94", "exception": null, "traceback": null}}, {"model": "django_apscheduler.djangojobexecution", "pk": 245, "fields": {"job": "my_job", "status": "Executed", "run_time": "2024-04-28T06:57:00Z", "duration": "1.70", "finished": "1714287421.70", "exception": null, "traceback": null}}]